id;marque;nom_produit;lien;prix;rating;infos_livraison
1;kiprun;chaussures de running avec plaque carbone homme - kiprun kd900x.2 vert violet;https://www.decathlon.fr/p/chaussures-de-running-avec-plaque-carbone-homme-kiprun-kd900x-2-vert-violet/_/R-p-358423?mc=8960759&c=blanc_vert_violet;129.99;305;Livraison en 24h ou 48h
2;quechua;sac à dos appareil photo randonnée 30l - nh explorer 900 focus;https://www.decathlon.fr/p/sac-a-dos-appareil-photo-randonnee-30l-nh-explorer-900-focus/_/R-p-344239?mc=8941280&c=gris;89.99;221;Livraison en 48h
3;van rysel;lunettes de vélo roadr 900 perf photochromique nxt® noires;https://www.decathlon.fr/p/lunettes-de-velo-roadr-900-perf-photochromique-nxt-noires/_/R-p-350608?mc=8947357&c=noir;89.99;173;Livraison en 48h
4;kiprun;chaussures de trail running pour homme, kiprun xt8 bleu;https://www.decathlon.fr/p/chaussures-de-trail-running-pour-homme-kiprun-xt8-bleu/_/R-p-312121?mc=8931405&c=bleu_orange;79.99;1825;Livraison en 48h
5;simond;chausson d'escalade - klimb gris comète;https://www.decathlon.fr/p/chausson-d-escalade-klimb-gris-comete/_/R-p-339875?mc=8871107&c=marron_gris_bleu;65.99;303;non spécifié
6;kiprun;run 900 slip men's running shorts;https://www.decathlon.fr/p/run-900-slip-men-s-running-shorts/_/R-p-346132?mc=8903157&c=bleu;39.99;40;Livraison en 24h ou 48h
7;decathlon;boxer long sans couture homme, bleu chiné;https://www.decathlon.fr/p/boxer-long-sans-couture-homme-bleu-chine/_/R-p-360373?mc=8928085&c=bleu;14.99;10;Livraison en 24h ou 48h
8;kipsta;chaussures de basketball fast 900 sarr edition;https://www.decathlon.fr/p/chaussures-de-basketball-fast-900-sarr-edition/_/R-p-372272?mc=8967275&c=noir_rose;84.99;1;Livraison en 48h
9;inesis;pantalon chino golf coton homme,;https://www.decathlon.fr/p/pantalon-chino-golf-coton-homme-mw500-vert/_/R-p-347067?mc=8927652&c=violet;29.99;602;Livraison en 48h
10;quechua;sandales de randonnée - nh100 - homme;https://www.decathlon.fr/p/sandales-de-randonnee-nh100-homme/_/R-p-324784?mc=8583453&c=gris;13.99;577;Livraison en 24h ou 48h
11;van rysel;chaussettes vélo route rcr r blanc;https://www.decathlon.fr/p/chaussettes-velo-route-rcr-r-blanc/_/R-p-365232?mc=8941623&c=blanc;19.99;0;Expédition entre 3 et 7 jours
12;salomon;chaussures imperméables de randonnée montagne homme, salomon saliba;https://www.decathlon.fr/p/chaussures-impermeables-de-randonnee-montagne-homme-salomon-saliba/_/R-p-366974?mc=8947863;109.99;1;Livraison en 24h ou 48h
13;kiprun;chaussures de running homme - kiprun cushion 500 blanc jaune;https://www.decathlon.fr/p/chaussures-de-running-homme-kiprun-cushion-500-bleu/_/R-p-353286?mc=8913727&c=blanc_jaune;69.99;127;Livraison en 24h ou 48h
14;van rysel;maillot de vélo route manches courtes été unisexe - racer 2 green;https://www.decathlon.fr/p/maillot-de-velo-route-manches-courtes-ete-unisexe-racer-2/_/R-p-337652?mc=8918115&c=vert;59.99;430;Expédition entre 3 et 7 jours
15;van rysel;lunettes de vélo roadr 900 perf photochromique nxt® dat 2025;https://www.decathlon.fr/p/lunettes-de-velo-roadr-900-perf-photochromique-nxt-noires/_/R-p-350608?mc=8938399&c=vert;89.99;173;Expédition entre 3 et 7 jours
16;simond;t-shirt manches courtes 100 % laine mérinos homme, merino 100% kaki;https://www.decathlon.fr/p/t-shirt-manches-courtes-100-percent-laine-merinos-homme-merino-100percent-noir/_/R-p-349694?mc=8828332&c=vert;39.99;3;Livraison en 24h ou 48h
17;simond;t-shirt manches courtes en laine mérinos homme, merino resist kaki;https://www.decathlon.fr/p/t-shirt-manches-courtes-en-laine-merinos-homme-merino-resist-marron/_/R-p-356413?mc=8919504&c=vert;34.99;6;Livraison en 24h ou 48h
18;van rysel;chaussettes vélo route rcr r noir;https://www.decathlon.fr/p/chaussettes-velo-route-rcr-r-blanc/_/R-p-365232?mc=8941622&c=noir;19.99;0;Expédition entre 3 et 7 jours
19;kiprun;lot de 2 paires de chaussettes de running run500 epaisses mi-mollet;https://www.decathlon.fr/p/lot-de-2-paires-de-chaussettes-de-running-run500-epaisses-mi-mollet/_/R-p-348201?mc=8901335&c=vert_jaune;7.99;1135;Expédition entre 3 et 7 jours
20;kiprun;débardeur running premium homme - 900 kiprun;https://www.decathlon.fr/p/debardeur-running-premium-homme-900-kiprun/_/R-p-346076?mc=8903102&c=violet;49.99;93;Livraison en 24h ou 48h
21;decathlon;lot de 3 boxers respirants en microfibre homme, noir/bleu/rouge;https://www.decathlon.fr/p/lot-de-3-boxers-respirants-en-microfibre-homme-noir-bleu-rouge/_/R-p-351469?mc=8854046&c=noir_marron_bleu;15.99;889;Livraison en 48h
22;adidas;pantalon de jogging homme, noir;https://www.decathlon.fr/p/pantalon-de-jogging-homme-noir/_/R-p-365594?mc=8943143;39.99;0;Livraison en 24h ou 48h
23;forclaz;pantalon modulable 2 en 1 de trek voyage homme, travel 500 modul camel;https://www.decathlon.fr/p/pantalon-modulable-2-en-1-de-trek-voyage-homme-travel-500-modul-camel/_/R-p-311160?mc=8930747&c=gris;49.99;459;Livraison en 24h ou 48h
24;kiprun;chaussures de trail running homme, kiprun tr2 beige jaune;https://www.decathlon.fr/p/chaussures-de-trail-running-homme-kiprun-tr2-beige-jaune/_/R-p-312120?mc=8931404&c=blanc_vert_jaune;59.99;2975;Livraison en 48h
25;domyos;pantalon de fitness collection respirant homme;https://www.decathlon.fr/p/pantalon-de-fitness-collection-respirant-homme-kaki/_/R-p-337323?mc=8841590&c=gris;19.99;5871;Expédition entre 3 et 7 jours
26;kiprun;chaussures de running homme - kiprun cushion 500 blanc noir;https://www.decathlon.fr/p/chaussures-de-running-homme-kiprun-cushion-500-bleu/_/R-p-353286?mc=8873071&c=noir_blanc;69.99;127;Livraison en 24h ou 48h
27;quechua;polaire randonnee mh 500 homme bleu;https://www.decathlon.fr/p/polaire-randonnee-mh-500-homme-bleu/_/R-p-341167?mc=8758014&c=bleu;14.99;879;Livraison en 48h
28;reebok;baskets homme, reebok court prime blanc et vert;https://www.decathlon.fr/p/baskets-homme-reebok-court-prime-blanc-et-vert/_/R-p-364598?mc=8939796;54.99;0;Livraison en 24h ou 48h
29;domyos;chaussons gym fille et garçon en tissu blanc;https://www.decathlon.fr/p/chaussons-gym-fille-et-garcon-en-tissu-blanc/_/R-p-8240?mc=1381914&c=blanc;5.99;1059;Livraison en 24h ou 48h
30;kiprun;t-shirt de running longue distance homme - kiprun run 900 ultra blanc gris;https://www.decathlon.fr/p/t-shirt-de-running-longue-distance-homme-kiprun-run-900-ultra-vert-fonce-grise/_/R-p-335727?mc=8919538&c=gris_blanc;29.99;151;Livraison en 24h ou 48h
31;van rysel;lunettes de vélo roadr 900 perf catégorie 3 blanches;https://www.decathlon.fr/p/lunettes-de-velo-roadr-900-perf-categorie-3-blanches/_/R-p-350607?mc=8947240&c=blanc;59.99;155;Livraison en 48h
32;quechua;veste de randonnée homme, mh500 beige;https://www.decathlon.fr/p/veste-de-randonnee-homme-mh500-beige/_/R-p-357657?mc=8916784&c=beige;89.99;0;Livraison en 24h ou 48h
33;quechua;pantalon de randonnée - nh500 regular - homme;https://www.decathlon.fr/p/pantalon-de-randonnee-nh500-regular-homme/_/R-p-327102?mc=8927908&c=marron;24.99;5908;Livraison en 24h ou 48h
34;caperlan;veste de pêche 900 imperméable 25000mm;https://www.decathlon.fr/p/veste-de-peche-900-impermeable-25000mm/_/R-p-305647?mc=8803621&c=noir;159.99;65;Livraison en 24h ou 48h
35;kiprun;short de running homme - kiprun run 500 confort vert;https://www.decathlon.fr/p/short-de-running-homme-kiprun-run-500-confort-corail-fluo/_/R-p-325737?mc=8903145&c=vert;19.99;2597;Livraison en 48h
36;speedo;claquettes piscine homme - speedo entry essential noir;https://www.decathlon.fr/p/claquettes-piscine-homme-speedo-entry-essential-noir/_/R-p-369085?mc=8951303&c=noir;16.99;5;Livraison en 24h ou 48h
37;kiprun;t-shirt de running léger homme - kiprun run 900 replika vert;https://www.decathlon.fr/p/t-shirt-de-running-leger-homme-kiprun-run-900-replika-blanc/_/R-p-346075?mc=8903126&c=vert;34.99;76;Expédition entre 3 et 7 jours
38;quechua;sac à dos de randonnée 16l+4, nh500 escape rolltop beige;https://www.decathlon.fr/p/sac-a-dos-de-randonnee-16l-4-nh500-escape-rolltop-beige/_/R-p-358339?mc=8920377&c=beige;29.99;6;Livraison en 24h ou 48h
39;asics;chaussure de tennis homme multicourt - asics gel solution speed ff3 orange noir;https://www.decathlon.fr/p/chaussure-de-tennis-homme-multicourt-asics-gel-solution-speed-ff3-orange-noir/_/R-p-363485?mc=8944032;119.99;0;Livraison en 24h ou 48h
40;solognac;chaussures chasse imperméables vertes crosshunt 100 v2;https://www.decathlon.fr/p/chaussures-chasse-impermeables-vertes-crosshunt-100-v2/_/R-p-309801?mc=8560916&c=noir_vert;54.99;252;Livraison en 24h ou 48h
79;quechua;sandale de randonnée homme, nh500 gris foncé;https://www.decathlon.fr/p/sandale-de-randonnee-homme-nh500-gris-fonce/_/R-p-347552?mc=8807750&c=gris;29.99;0;Livraison en 24h ou 48h
80;van rysel;chaussettes vélo 900 violet;https://www.decathlon.fr/p/chaussettes-velo-900/_/R-p-364800?mc=8939936&c=blanc_violet;9.99;0;Livraison en 24h ou 48h
81;van rysel;maillot vélo route manches longues été unisex uvp rcr 2 vert;https://www.decathlon.fr/p/maillot-velo-route-manches-longues-ete-unisex-uvp-rcr-2-vert/_/R-p-355819?mc=8891766&c=vert;59.99;1;Livraison en 48h
82;kiprun;short de running homme - kiprun run 500 dry vert foncé grisé;https://www.decathlon.fr/p/short-de-running-homme-kiprun-run-500-dry-vert-fonce-grise/_/R-p-333374?mc=8842540&c=vert;14.99;9154;Livraison en 24h ou 48h
83;shimano;chaussures de vélo route shimano rc302 noir;https://www.decathlon.fr/p/chaussures-de-velo-route-shimano-rc302-noir/_/R-p-367572?mc=8949532;104.99;0;Livraison en 24h ou 48h
84;wedze;chaussettes de ski et snowboard adulte, 100 plus - noir, rose fluo et noir;https://www.decathlon.fr/p/chaussettes-de-ski-et-snowboard-adulte-100-plus-bleu-et-noir/_/R-p-343024?mc=8767134&c=rose;9.0;2065;Livraison en 24h ou 48h
85;caperlan;pantalon de pêche imperméable homme - ft 500 wpf noir;https://www.decathlon.fr/p/pantalon-de-peche-impermeable-homme-ft-500-wpf-noir/_/R-p-347064?mc=8803243&c=noir;69.99;17;Livraison en 24h ou 48h
86;decathlon;baskets rr70, vintage édition, blanc, gris;https://www.decathlon.fr/p/baskets-rr70-vintage-edition-blanc-gris/_/R-p-360114?mc=8927682&c=gris_blanc_bleu;49.99;0;Livraison en 24h ou 48h
87;decathlon;t-shirt graphique mixte, elementals, blanc;https://www.decathlon.fr/p/t-shirt-graphique-mixte-elementals-gris/_/R-p-360579?mc=8926249&c=blanc;19.99;0;Livraison en 48h
88;domyos;veste de fitness standard respirant homme - bleu;https://www.decathlon.fr/p/veste-de-fitness-standard-respirant-homme-vert/_/R-p-333428?mc=8646718&c=bleu;19.99;2155;Expédition entre 3 et 7 jours
89;caperlan;veste de pêche imperméable homme - fj 500 wpf grise et noir;https://www.decathlon.fr/p/veste-de-peche-impermeable-homme-fj-500-wpf-grise-et-noir/_/R-p-333640?mc=8647190&c=noir_gris;89.99;17;Livraison en 48h
90;kiprun;chaussures de running route homme - kiprun ks900 support jaune & rouge;https://www.decathlon.fr/p/chaussures-de-running-route-homme-kiprun-ks900-support-noir-et-blanc/_/R-p-337813?mc=8916976&c=blanc_orange;139.99;10;Livraison en 24h ou 48h
91;kipsta;sac à dos de sport avec compartiment chaussures 17l;https://www.decathlon.fr/p/sac-a-dos-de-sport-avec-compartiment-chaussures-17l/_/R-p-338072?mc=8873326&c=noir;7.99;2349;Livraison en 24h ou 48h
92;artengo;chaussettes tennis coton hautes gael monfils - rs 900 blanc cassé lot de 3;https://www.decathlon.fr/p/chaussettes-de-sport-hautes-rs-900-noir-gris-lot-de-3/_/R-p-106285?mc=8913862;11.99;1370;Expédition entre 3 et 7 jours
93;caperlan;sweat à capuche de pêche 500 softshell;https://www.decathlon.fr/p/sweat-a-capuche-de-peche-500-softshell/_/R-p-347031?mc=8803254&c=noir;59.99;0;Livraison en 24h ou 48h
94;inesis;polo de golf en coton manches courtes homme - mw500 rouille;https://www.decathlon.fr/p/polo-de-golf-en-coton-manches-courtes-homme-mw500-vert-foret/_/R-p-324952?mc=8927647&c=violet;14.99;7836;Livraison en 24h ou 48h
95;forclaz;poncho de pluie de randonnée 60 l, mt500 orange;https://www.decathlon.fr/p/poncho-de-pluie-de-randonnee-60-l-mt500-orange/_/R-p-324443?mc=8916568&c=orange;24.99;947;Livraison en 24h ou 48h
96;kiprun;t-shirt de running 500 confort slim blanc;https://www.decathlon.fr/p/t-shirt-de-running-500-confort-slim-blanc/_/R-p-355949?mc=8891890&c=gris_blanc;19.99;9;Livraison en 48h
97;adidas;chaussures de running homme adidas adios 9 blanches;https://www.decathlon.fr/p/chaussures-de-running-homme-adidas-adios-9-blanches/_/R-p-366991?mc=8947886&c=blanc;139.99;0;Livraison en 24h ou 48h
98;kiprun;casquette running homme femme - kiprun 5 panneaux bleu whale;https://www.decathlon.fr/p/casquette-running-homme-femme-kiprun-5-panneaux-turquoise-jaune/_/R-p-344027?mc=8913288&c=bleu;12.99;770;Livraison en 48h
99;tarmak;chaussures de basketball nba heat homme/femme - fast 900 low-1 rose;https://www.decathlon.fr/p/chaussures-de-basketball-nba-lakers-homme-femme-fast-900-low-1-noir/_/R-p-343952?mc=8919336;84.99;231;Livraison en 48h
100;caperlan;salopette de pêche 900 imperméable 25000mm;https://www.decathlon.fr/p/salopette-de-peche-900-impermeable-25000mm/_/R-p-353280?mc=8872829&c=noir;139.99;1;Livraison en 24h ou 48h
101;van rysel;maillot de vélo route manches courtes été unisexe - racer 2 bleu;https://www.decathlon.fr/p/maillot-de-velo-route-manches-courtes-ete-unisexe-racer-2-bleu/_/R-p-337652?mc=8949259&c=bleu;59.99;430;Livraison en 48h
102;quechua;pantalon modulable de randonnée homme, mh500 noir;https://www.decathlon.fr/p/pantalon-modulable-de-randonnee-homme-mh500-noir/_/R-p-325457?mc=8926332&c=noir;44.99;1734;Livraison en 24h ou 48h
103;simond;t-shirt manches longues en laine mérinos homme, merino resist undyed;https://www.decathlon.fr/p/t-shirt-manches-longues-en-laine-merinos-homme-merino-resist-bleu-marine/_/R-p-356377?mc=8902044&c=blanc;44.99;1;Expédition entre 3 et 7 jours
104;asics;chaussures de volleyball adulte - asics gel spike blanc;https://www.decathlon.fr/p/chaussures-de-volleyball-adulte-asics-gel-spike-blanc/_/R-p-354327?mc=8881686;74.99;63;Livraison en 24h ou 48h
105;van rysel;chaussettes vélo 900 vert;https://www.decathlon.fr/p/chaussettes-velo-900/_/R-p-364800?mc=8939937&c=blanc_vert;9.99;0;Livraison en 24h ou 48h
106;kiprun;casquette running homme femme - kiprun 5 panneaux noir carbon gris;https://www.decathlon.fr/p/casquette-running-homme-femme-kiprun-5-panneaux-turquoise-jaune/_/R-p-344027?mc=8913290&c=noir_gris;12.99;770;Livraison en 24h ou 48h
107;domyos;short cross training performance respirant léger homme - celliant gris;https://www.decathlon.fr/p/short-cross-training-performance-respirant-leger-homme-celliant-gris/_/R-p-341655?mc=8938278&c=noir_violet;24.99;155;Livraison en 48h
108;kiprun;chaussures de running homme kiprun ks900 light - bleu vert;https://www.decathlon.fr/p/chaussures-running-homme-kiprun-ks900-light-gris-jaune/_/R-p-333004?mc=8917144&c=blanc_bleu_jaune;99.99;1262;Expédition entre 3 et 7 jours
109;simond;t-shirt d'escalade résistant homme, vertika vert;https://www.decathlon.fr/p/t-shirt-d-escalade-resistant-homme-vertika-vert/_/R-p-355791?mc=8927941&c=vert;12.99;0;Expédition entre 3 et 7 jours
110;van rysel;maillot vélo route manches courtes été edr ultra khaki;https://www.decathlon.fr/p/maillot-velo-route-manches-courtes-ete-edr-ultra-beige/_/R-p-337653?mc=8774106&c=vert;69.99;130;Expédition entre 3 et 7 jours
111;inesis;pantalon golf homme, ww500 marron;https://www.decathlon.fr/p/pantalon-golf-homme-ww500-marron/_/R-p-335368?mc=8927260&c=violet;39.99;2648;Livraison en 48h
112;nabaiji;chaussures aquatiques pour aquagym - aquaflo dot & fun transparent;https://www.decathlon.fr/p/chaussures-aquatiques-pour-aquagym-aquaflo-dot-et-fun-transparent/_/R-p-333314?mc=8926999&c=gris_blanc;9.99;0;Livraison en 24h ou 48h
113;kiprun;chaussures de running avec plaque carbone homme - kiprun kd900x ld2 orange;https://www.decathlon.fr/p/chaussures-de-running-avec-plaque-carbone-homme-kiprun-kd900x-ld2-orange-vert/_/R-p-360707?mc=8926423&c=violet_orange;179.99;23;Livraison en 24h ou 48h
114;simond;t-shirt d'escalade résistant homme, vertika greige;https://www.decathlon.fr/p/t-shirt-d-escalade-resistant-homme-vertika-greige/_/R-p-355728?mc=8891218;17.99;0;Livraison en 24h ou 48h
115;tarmak;chaussures de basketball - homme/femme - se 500 high rose;https://www.decathlon.fr/p/chaussures-de-basketball-homme-femme-se-500-high-bleu/_/R-p-346012?mc=8919184;59.99;221;Expédition entre 3 et 7 jours
117;quechua;lunettes de soleil sport polarisées catégorie 4 mh 580;https://www.decathlon.fr/p/lunettes-de-soleil-sport-polarisees-categorie-4-mh-580/_/R-p-312991?mc=8941928&c=noir_gris;39.99;652;Livraison en 24h ou 48h
118;decathlon;t-shirt graphique mixte, elementals, noir;https://www.decathlon.fr/p/t-shirt-graphique-mixte-elementals-gris/_/R-p-360579?mc=8926250&c=noir;19.99;0;Livraison en 48h
119;tribord;veste de voile imperméable homme - sailing 100 navy blanc;https://www.decathlon.fr/p/veste-impermeable-de-voile-veste-de-pluie-coupe-vent-sailing-100-bleu-bleu-ddy/_/R-p-169764?mc=8912555&c=blanc_bleu;29.99;5570;Livraison en 24h ou 48h
120;asics;chaussures de trail running homme, asics gel kanaku 6 gris orange;https://www.decathlon.fr/p/chaussures-de-trail-running-homme-asics-gel-kanaku-6-gris-orange/_/R-p-364874?mc=8940306&c=noir_gris_orange;99.99;0;Livraison en 24h ou 48h
121;simond;t-shirt d'escalade résistant homme, vertika bleu;https://www.decathlon.fr/p/t-shirt-d-escalade-resistant-homme-vertika-vert/_/R-p-355791?mc=8891220&c=bleu;12.99;0;Livraison en 24h ou 48h
122;forclaz;short cargo de trek voyage - travel 500;https://www.decathlon.fr/p/short-cargo-de-trek-voyage-travel-500/_/R-p-312177?mc=8579285&c=vert;31.99;5259;Livraison en 24h ou 48h
123;quechua;sac à dos de randonnée 16l+4, nh500 escape rolltop terracota;https://www.decathlon.fr/p/sac-a-dos-de-randonnee-16l-4-nh500-escape-rolltop-terracota/_/R-p-358339?mc=8920380&c=marron;29.99;6;Livraison en 24h ou 48h
124;kiprun;t-shirt running respirant homme - dry 500 orange;https://www.decathlon.fr/p/t-shirt-de-running-respirant-homme-kiprun-run-500-bleu/_/R-p-339765?mc=8773016&c=orange;14.99;1141;Expédition entre 3 et 7 jours
125;van rysel;chaussettes vélo 900;https://www.decathlon.fr/p/chaussettes-velo-900/_/R-p-330704?mc=8930329&c=bleu;9.99;1407;Livraison en 24h ou 48h
126;fouganza;pantalon équitation homme gris foncé 500;https://www.decathlon.fr/p/pantalon-equitation-homme-gris-fonce-500/_/R-p-311185?mc=8562334&c=gris;39.99;84;Livraison en 48h
127;decathlon;baskets homme, rr70 - bleu;https://www.decathlon.fr/p/baskets-homme-rr70-bleu/_/R-p-353964?mc=8914258&c=gris_bleu;44.99;5;Livraison en 24h ou 48h
128;decathlon;chaussettes mi-mollet, bleu et blanc, lot de 2;https://www.decathlon.fr/p/chaussettes-mi-mollet-vert-et-blanc-lot-de-2/_/R-p-362419?mc=8933953&c=blanc_bleu;9.99;1;Livraison en 24h ou 48h
129;quechua;pantalon de randonnée homme, mh500 light gris foncé;https://www.decathlon.fr/p/pantalon-de-randonnee-homme-mh500-light-khaki/_/R-p-356243?mc=8902953&c=incolore_gris;34.99;0;Livraison en 24h ou 48h
130;kalenji;veste coupe-vent run 100 homme visibilite;https://www.decathlon.fr/p/veste-coupe-vent-run-100-homme-visibilite/_/R-p-337688?mc=8733377&c=jaune;21.99;289;Livraison en 24h ou 48h
131;new balance;chaussure de running homme new balance 840;https://www.decathlon.fr/p/chaussure-de-running-homme-new-balance-840/_/R-p-362117?mc=8933543&c=gris;149.99;0;Livraison en 48h
132;van rysel;chaussettes vélo 900 lila;https://www.decathlon.fr/p/chaussettes-velo-900/_/R-p-364800?mc=8939938&c=rose_violet;9.99;0;Expédition entre 3 et 7 jours
133;van rysel;maillot vélo route manches courtes été edr ultra vert;https://www.decathlon.fr/p/maillot-velo-route-manches-courtes-ete-edr-ultra-beige/_/R-p-337653?mc=8929326&c=vert;69.99;130;Livraison en 48h
134;kipsta;maillot de football adulte manches courtes viralto topo noir & rose fluo;https://www.decathlon.fr/p/maillot-de-football-adulte-manches-courtes-viralto-topo-noir-et-rose-fluo/_/R-p-357655?mc=8911372&c=noir_rose;11.99;3;Livraison en 24h ou 48h
135;quechua;bottes de neige chaudes imperméables de randonnée - sh500 lacet - homme;https://www.decathlon.fr/p/bottes-de-neige-chaudes-impermeables-de-randonnee-sh500-lacet-homme/_/R-p-344259?mc=8785598&c=noir_incolore;55.0;769;Livraison en 48h
136;kipsta;short de basketball reversible adulte - shr-500 blanc noir;https://www.decathlon.fr/p/short-de-basketball-reversible-adulte-shr-500-blanc-noir/_/R-p-354084?mc=8928387&c=noir_blanc;19.99;0;Livraison en 24h ou 48h
137;under armour;chaussures fitness charged surge 4 homme, noir;https://www.decathlon.fr/p/chaussures-fitness-charged-surge-4-homme-noir/_/R-p-366692?mc=8947155;59.99;0;Livraison en 24h ou 48h
138;adidas;short de fitness homme, bleu;https://www.decathlon.fr/p/short-de-fitness-homme-bleu/_/R-p-366502?mc=8682620;29.99;0;Livraison en 24h ou 48h
139;quechua;t-shirt nh100 vert h;https://www.decathlon.fr/p/t-shirt-nh100-bleu-h/_/R-p-349961?mc=8928203&c=bleu_vert;9.99;171;Livraison en 24h ou 48h
140;kiprun;chaussettes de running kiprun run900 fines invisibles violettes;https://www.decathlon.fr/p/chaussettes-de-running-kiprun-run900-fines-invisibles-violettes/_/R-p-352957?mc=8901345&c=violet;7.99;5;Livraison en 24h ou 48h
141;olaian;chaussures homme - areeta skare vert eucalyptus;https://www.decathlon.fr/p/chaussures-homme-areeta-micropalm/_/R-p-342942?mc=8920112&c=noir_vert;24.99;485;Livraison en 24h ou 48h
142;decathlon;baskets cj80 homme, blanche;https://www.decathlon.fr/p/baskets-cj80-homme-blanc-et-bleu-marine/_/R-p-346048?mc=8799767&c=gris_blanc;49.99;299;Livraison en 24h ou 48h
143;fouganza;chaussettes d'équitation 500 adulte losanges bleu / bleu comète;https://www.decathlon.fr/p/chaussettes-d-equitation-500-adulte-losanges-bourgogne-noir-lot-de-2/_/R-p-323923?mc=8874080&c=bleu;8.99;727;Livraison en 24h ou 48h
144;forclaz;bonnet de trekking en laine mérinos, mt500 kaki;https://www.decathlon.fr/p/bonnet-de-trekking-en-laine-merinos-mt500-kaki/_/R-p-302969?mc=8916867&c=vert;11.99;2104;Livraison en 24h ou 48h
145;quechua;veste de randonnée homme, mh900 gris;https://www.decathlon.fr/p/veste-de-randonnee-homme-mh900-gris/_/R-p-351561?mc=8883257&c=noir_gris;129.99;10;Livraison en 24h ou 48h
146;kiprun;t-shirt de running respirant homme - kiprun run 500 dry;https://www.decathlon.fr/p/t-shirt-de-running-respirant-homme-kiprun-run-500-bleu/_/R-p-339765?mc=8903014&c=vert;14.99;1141;Expédition entre 3 et 7 jours
147;under armour;t-shirt de fitness pour homme ua tech™ 2.0, noir;https://www.decathlon.fr/p/t-shirt-de-fitness-pour-homme-ua-tech-2-0-noir/_/R-p-X8947074?mc=8947074;29.99;0;Livraison en 24h ou 48h
148;decathlon;sweat col rond mixte, elementals, marron;https://www.decathlon.fr/p/sweat-col-rond-mixte-elementals-bleu/_/R-p-360460?mc=8926843&c=marron;34.99;0;Livraison en 48h
149;quechua;chaussette hike 100 high - gris et vert - lot de 2 paires;https://www.decathlon.fr/p/chaussette-hike-100-high-gris-et-bleu-lot-de-2-paires/_/R-p-334359?mc=8917547&c=gris;9.99;4116;non spécifié
150;tribord;veste de voile imperméable homme - sailing 100 ocre;https://www.decathlon.fr/p/veste-impermeable-de-voile-veste-de-pluie-coupe-vent-sailing-100-bleu-bleu-ddy/_/R-p-169764?mc=8912554&c=jaune;29.99;5570;Livraison en 24h ou 48h
151;caperlan;pantalon de pêche convertible upf50+ homme - ft 500 anti-uv gris;https://www.decathlon.fr/p/pantalon-de-peche-convertible-upf50-homme-ft-500-anti-uv-gris/_/R-p-329088?mc=8818152&c=gris;39.99;122;Livraison en 24h ou 48h
152;van rysel;maillot de vélo route manches courtes été unisexe - racer 2;https://www.decathlon.fr/p/maillot-de-velo-route-manches-courtes-ete-unisexe-racer-2/_/R-p-354514?mc=8914448&c=bleu;59.99;350;Expédition entre 3 et 7 jours
153;quechua;t-shirt nh100 bleu h;https://www.decathlon.fr/p/t-shirt-nh100-bleu-h/_/R-p-349961?mc=8928206&c=bleu_vert;9.99;171;Livraison en 24h ou 48h
154;perfly;chaussures de badminton bs sensation 500 homme - blanc;https://www.decathlon.fr/p/chaussures-de-badminton-bs-sensation-500-homme-blanc/_/R-p-352447?mc=8867406&c=blanc;29.99;0;Livraison en 48h
156;van rysel;maillot de vélo route manches courtes été unisexe - racer 2 violet;https://www.decathlon.fr/p/maillot-de-velo-route-manches-courtes-ete-unisexe-racer-2/_/R-p-354514?mc=8914447&c=violet;59.99;350;Livraison en 48h
157;kipsta;sweat de football adulte 1/2 zip viralto wave noir, rose fluo, gris;https://www.decathlon.fr/p/sweat-de-football-adulte-1-2-zip-viralto-wave-noir-rose-fluo-gris/_/R-p-357872?mc=8911625&c=bleu_rouge;21.99;0;Livraison en 48h
158;forclaz;short de trek résistant homme, mt500 kaki;https://www.decathlon.fr/p/short-de-trek-resistant-homme-mt500/_/R-p-351375?mc=8916611&c=vert;24.99;781;Livraison en 24h ou 48h
159;oxelo;chaussettes roller adulte 100 noires;https://www.decathlon.fr/p/chaussettes-roller-adulte-100-beiges/_/R-p-335181?mc=8901854&c=noir_gris;5.99;95;Livraison en 24h ou 48h
160;domyos;t-shirt de fitness regular en coton homme, noir ultra;https://www.decathlon.fr/p/t-shirt-de-fitness-regular-en-coton-homme-blanc-ultra/_/R-p-332613?mc=8867573&c=noir;7.0;3527;Livraison en 24h ou 48h
161;quechua;sac à dos de randonnée 16l+4, nh500 escape rolltop bleu;https://www.decathlon.fr/p/sac-a-dos-de-randonnee-16l-4-nh500-escape-rolltop-terracota/_/R-p-358339?mc=8920375&c=bleu_vert;29.99;6;Livraison en 24h ou 48h
162;decathlon;t-shirt graphique mixte, elementals, gris;https://www.decathlon.fr/p/t-shirt-graphique-mixte-elementals-gris/_/R-p-360579?mc=8926248&c=gris;19.99;0;Expédition entre 3 et 7 jours
163;tribord;short de voile déperlant homme - sailing 500 gris noir;https://www.decathlon.fr/p/short-de-voile-deperlant-homme-sailing-500-gris-noir/_/R-p-306003?mc=8912577&c=noir_gris;24.99;170;Livraison en 24h ou 48h
164;van rysel;chaussettes vélo route réplicas - van rysel roubaix team;https://www.decathlon.fr/p/chaussettes-velo-route-officielles-decathlon-ag2r-la-mondiale-team/_/R-p-355997?mc=8936570&c=blanc;11.99;134;Livraison en 24h ou 48h
165;yonex;chaussure indoor homme, power cushion 65 x blanc;https://www.decathlon.fr/p/chaussure-indoor-homme-power-cushion-65-x-blanc/_/R-p-365099?mc=8940823;94.99;0;Livraison en 24h ou 48h
167;decathlon;t-shirt graphique mixte, elementals, vert;https://www.decathlon.fr/p/t-shirt-graphique-mixte-elementals-gris/_/R-p-360579?mc=8926246&c=vert;19.99;0;Livraison en 24h ou 48h
168;van rysel;lunettes de vélo roadr 900 perf catégorie 3 bleues translucide;https://www.decathlon.fr/p/lunettes-de-velo-roadr-900-perf-categorie-3-bleues-translucide/_/R-p-350607?mc=8938393&c=bleu;59.99;155;Livraison en 48h
169;kuikma;t-shirt de padel manches courtes technique homme - kuikma 900 gris noir;https://www.decathlon.fr/p/t-shirt-de-padel-manches-courtes-technique-homme-kuikma-900-violet/_/R-p-312326?mc=8883395&c=noir_gris;21.99;137;Livraison en 24h ou 48h
170;quechua;pantalon modulable de randonnée homme, mh500;https://www.decathlon.fr/p/pantalon-modulable-de-randonnee-homme-mh500-noir/_/R-p-325457?mc=8926333&c=beige;44.99;1734;Livraison en 24h ou 48h
171;decathlon;sweat col rond mixte, elementals, bleu;https://www.decathlon.fr/p/sweat-col-rond-mixte-elementals-bleu/_/R-p-360460?mc=8926842&c=bleu;34.99;0;Livraison en 24h ou 48h
172;nabaiji;short de bain long natation homme - 100 kamo;https://www.decathlon.fr/p/short-de-bain-long-natation-homme-100-kamo/_/R-p-306778?mc=8944877&c=bleu_orange;19.99;628;Livraison en 24h ou 48h
173;inesis;polo de golf en coton manches courtes homme - mw500 gris clair;https://www.decathlon.fr/p/polo-de-golf-en-coton-manches-courtes-homme-mw500-vert-foret/_/R-p-324952?mc=8785692&c=gris;14.99;7836;Livraison en 24h ou 48h
174;van rysel;maillot vélo route manches courtes été edr ultra beige;https://www.decathlon.fr/p/maillot-velo-route-manches-courtes-ete-edr-ultra-beige/_/R-p-337653?mc=8774615&c=beige;69.99;130;Livraison en 48h
175;adidas;chaussures de handball adulte - adidas court team bounce blanc / bleu;https://www.decathlon.fr/p/chaussures-de-handball-adulte-adidas-court-team-bounce-blanc-bleu/_/R-p-357905?mc=8936952&c=blanc_bleu;79.99;3;Livraison en 24h ou 48h
176;tribord;short bateau, bermuda homme - sailing 100 rouge brique;https://www.decathlon.fr/p/short-bermuda-de-voile-sailing-100-homme/_/R-p-303159?mc=8912568&c=rouge;19.99;1844;Livraison en 24h ou 48h
177;caperlan;veste de pêche imperméable chaude homme - fj 500 th kaki;https://www.decathlon.fr/p/veste-de-peche-impermeable-chaude-homme-fj-500-th-kaki/_/R-p-333614?mc=8647201&c=marron_gris;69.99;20;Livraison en 24h ou 48h
178;forclaz;short de trek résistant homme, mt500 orange;https://www.decathlon.fr/p/short-de-trek-resistant-homme-mt500/_/R-p-351375?mc=8916612&c=marron_gris;24.99;781;Expédition entre 3 et 7 jours
179;kipsta;pantalon d'entrainement de football adulte viralto wave noir et jaune fluo;https://www.decathlon.fr/p/pantalon-d-entrainement-de-football-adulte-viralto-wave-noir-et-jaune-fluo/_/R-p-357886?mc=8914046&c=noir;21.99;0;Expédition entre 3 et 7 jours
181;adidas;chaussure homme urban court adidas noir;https://www.decathlon.fr/p/chaussure-homme-urban-court-adidas-noir/_/R-p-364624?mc=8939554;49.99;0;Livraison en 48h
182;kuikma;t-shirt de padel manches courtes technique homme - kuikma 900 bleu noir;https://www.decathlon.fr/p/t-shirt-de-padel-manches-courtes-technique-homme-kuikma-900-violet/_/R-p-312326?mc=8883394&c=noir_bleu;21.99;137;Livraison en 48h
183;kuikma;sweat de padel technique avec capuche homme - kuikma pro rouge;https://www.decathlon.fr/p/sweat-de-padel-technique-avec-capuche-homme-kuikma-pro-maxi-sanchez-noir-vert/_/R-p-348266?mc=8882109&c=rouge;39.99;6;Livraison en 48h
184;speedo;maillot boxer bain jammer homme - speedo jammer noir jaune;https://www.decathlon.fr/p/maillot-boxer-bain-jammer-homme-speedo-jammer-noir-jaune/_/R-p-367123?mc=8948339&c=noir_jaune;39.99;0;Livraison en 24h ou 48h
185;decathlon;sweat à capuche homme, elementals, marron;https://www.decathlon.fr/p/sweat-a-capuche-homme-elementals-vert/_/R-p-360631?mc=8925963&c=marron;44.99;1;Livraison en 48h
186;artengo;short de tennis homme respirant - kuikma dry orange;https://www.decathlon.fr/p/short-de-tennis-homme-respirant-kuikma-dry-marron/_/R-p-340125?mc=8916827&c=orange;14.99;421;Livraison en 24h ou 48h
187;decathlon;chaussettes cheville, vert, blanc et violet, lot de 3;https://www.decathlon.fr/p/chaussettes-cheville-rose-et-blanc-lot-de-3/_/R-p-362382?mc=8933882&c=blanc_vert_violet;9.99;1;Livraison en 48h
188;adidas;basket de marche homme, vl court 3.0 verte jaune;https://www.decathlon.fr/p/basket-de-marche-homme-vl-court-3-0-blanche/_/R-p-354204?mc=8939048;69.99;91;Livraison en 48h
189;adidas;t-shirt de fitness homme, vert;https://www.decathlon.fr/p/t-shirt-de-fitness-homme-vert/_/R-p-357586?mc=8945926&c=vert;19.99;0;Livraison en 24h ou 48h
190;quechua;chaussure de randonnée imperméable homme, nh900 2 seconds noir;https://www.decathlon.fr/p/chaussure-de-randonnee-impermeable-homme-nh900-2-seconds-noir/_/R-p-347864?mc=8808519&c=noir_gris;99.99;0;Livraison en 48h
191;kiprun;casquette running v2 homme femme - kiprun vert;https://www.decathlon.fr/p/casquette-running-v2-homme-femme-kiprun-bleu-whale/_/R-p-352661?mc=8883217&c=vert;9.99;12;Expédition entre 3 et 7 jours
192;everlast;t-shirt everlast manches courtes -gris 25;https://www.decathlon.fr/p/t-shirt-everlast-manches-courtes-gris-25/_/R-p-364542?mc=8939380;14.99;0;Livraison en 24h ou 48h
193;decathlon;sweat col rond homme, elementals, marron;https://www.decathlon.fr/p/sweat-col-rond-homme-elementals-bleu/_/R-p-360559?mc=8925970&c=marron;39.99;0;Livraison en 48h
194;kipsta;chaussures de football viralto i mg/ag sunset;https://www.decathlon.fr/p/fso-viralto-i-mg-ag-2023/_/R-p-342919?mc=8917420&c=orange;29.99;381;Livraison en 48h
195;quechua;chaussettes randonnée - hike 900 high grise - lot de 2 paires;https://www.decathlon.fr/p/chaussettes-randonnee-hike-900-high-noire-lot-de-2-paires/_/R-p-330146?mc=8917571&c=gris_blanc;24.99;2720;Livraison en 24h ou 48h
196;artengo;t-shirt de tennis homme - tts soft marron;https://www.decathlon.fr/p/t-shirt-de-tennis-homme-tts-soft-blanc-casse/_/R-p-324603?mc=8903358&c=marron_orange;14.99;953;Livraison en 48h
197;adidas;t-shirt de fitness pour homme, imprimé camouflage, vert;https://www.decathlon.fr/p/t-shirt-de-fitness-pour-homme-imprime-camouflage-vert/_/R-p-366001?mc=8944528;34.99;0;Livraison en 24h ou 48h
198;kiprun;ceinture de running smartphone homme femme -kiprun basique 2 gris;https://www.decathlon.fr/p/ceinture-de-running-smartphone-homme-femme-kiprun-basique-2-gris/_/R-p-334226?mc=8913258&c=bleu;9.99;7183;Livraison en 24h ou 48h
199;quechua;lunettes de soleil pantos catégorie 3 mh 160;https://www.decathlon.fr/p/lunettes-de-soleil-randonnee-mh160-adulte-categorie-3/_/R-p-324473?mc=8936600&c=noir;15.99;1404;Livraison en 24h ou 48h
200;decathlon;sweat col rond mixte, elementals, noir;https://www.decathlon.fr/p/sweat-col-rond-mixte-elementals-bleu/_/R-p-360460?mc=8928148&c=noir;34.99;0;Livraison en 48h
202;van rysel;maillot de vélo route manches courtes été unisexe - racer 2 khaki;https://www.decathlon.fr/p/maillot-de-velo-route-manches-courtes-ete-unisexe-racer-2-lila/_/R-p-354512?mc=8949256&c=vert;59.99;162;Livraison en 48h
203;inesis;short golf homme - mw500 blanc;https://www.decathlon.fr/p/short-chino-coton-golf-homme-mw500-bleu/_/R-p-305517?mc=8737738&c=marron_blanc;19.99;5095;Livraison en 24h ou 48h
204;tribord;chapeau imperméable de voile - sailing 900 noir;https://www.decathlon.fr/p/chapeau-impermeable-de-voile-sailing-900-noir/_/R-p-302917?mc=8912749&c=noir;19.99;283;Livraison en 24h ou 48h
205;tribord;chaussures bateau cuir clipper homme noir;https://www.decathlon.fr/p/chaussures-bateau-cuir-clipper-homme-bleu/_/R-p-343555?mc=8841697&c=noir_gris;59.99;394;Expédition entre 3 et 7 jours
206;kipsta;maillot de football adulte manches courtes viralto wave rose fluo;https://www.decathlon.fr/p/maillot-de-football-adulte-manches-courtes-viralto-topo-noir-et-rose-fluo/_/R-p-357655?mc=8911371&c=noir_rose;11.99;3;Livraison en 48h
207;tribord;bob de voile adulte - sailing 100 ocre;https://www.decathlon.fr/p/bob-de-voile-enfant-sailing-500-bleu/_/R-p-333887?mc=8912735&c=jaune;9.99;1137;Expédition entre 3 et 7 jours
208;kiprun;bandeau running v2 homme femme - kiprun violet;https://www.decathlon.fr/p/bandeau-running-v2-homme-femme-kiprun-violet/_/R-p-352680?mc=8920680;5.99;10;Livraison en 24h ou 48h
209;fouganza;pantalon equitation homme 100 bleu;https://www.decathlon.fr/p/pantalon-equitation-homme-100-bleu/_/R-p-353907?mc=8911126&c=bleu;24.99;0;Livraison en 48h
210;everlast;debardeur de boxe everlast - gris;https://www.decathlon.fr/p/debardeur-de-boxe-everlast-gris/_/R-p-365409?mc=8942095;14.99;0;Livraison en 24h ou 48h
211;bullpadel;chaussures de padel homme - bullpadel vertex vibram 25 blanc;https://www.decathlon.fr/p/chaussures-de-padel-homme-bullpadel-vertex-vibram-25-blanc/_/R-p-365371?mc=8941939;159.99;0;Livraison en 48h
212;decathlon;chaussettes mi-mollet, jaune et blanc, lot de 2;https://www.decathlon.fr/p/chaussettes-mi-mollet-vert-et-blanc-lot-de-2/_/R-p-362419?mc=8933954&c=blanc_jaune;9.99;1;Expédition entre 3 et 7 jours
213;caperlan;tee-shirt de pêche anti-uv 500 capuche upf 50+ gris;https://www.decathlon.fr/p/tee-shirt-de-peche-anti-uv-500-capuche-upf-50-gris/_/R-p-329166?mc=8771521&c=gris;19.99;295;Livraison en 24h ou 48h
214;tribord;short bateau, bermuda homme - sailing 100 navy;https://www.decathlon.fr/p/short-bermuda-de-voile-sailing-100-homme/_/R-p-303159?mc=8912566&c=bleu;19.99;1844;Livraison en 24h ou 48h
215;olaian;chapeau de surf adulte - 500 yingyang bleu;https://www.decathlon.fr/p/chapeau-de-surf-adulte-500-newblack-noir/_/R-p-325590?mc=8920408&c=bleu;11.99;302;Livraison en 48h
216;van rysel;coupe-vent velo route manches longues homme - racer ultra-light bleu turquoise;https://www.decathlon.fr/p/coupe-vent-velo-route-manches-longues-homme-racer-ultra-light-bleu-turquoise/_/R-p-304050?mc=8517060&c=noir_incolore_jaune;34.99;578;Livraison en 24h ou 48h
217;decathlon;chaussettes cheville, rose et blanc, lot de 3;https://www.decathlon.fr/p/chaussettes-cheville-rose-et-blanc-lot-de-3/_/R-p-362382?mc=8933884&c=rose_blanc;9.99;1;Livraison en 24h ou 48h
218;tarmak;short de basketball nba homme/femme - sh 900 ad rose;https://www.decathlon.fr/p/short-de-basketball-nba-homme-femme-sh-900-ad-violet/_/R-p-349045?mc=8914120&c=rose;23.99;304;Livraison en 48h
219;tribord;veste de voile imperméable homme - sailing 500 navy blanc;https://www.decathlon.fr/p/veste-de-voile-impermeable-homme-sailing-500-bleu-marine/_/R-p-346652?mc=8912560&c=blanc_bleu;49.99;206;Livraison en 24h ou 48h
220;kipsta;short de basketball reversible adulte - shr-500 beige vert;https://www.decathlon.fr/p/short-de-basketball-reversible-adulte-shr-500-blanc-noir/_/R-p-354084?mc=8914091&c=beige_vert;19.99;0;Livraison en 24h ou 48h
221;kiprun;casquette running homme femme - kiprun ultralégère noir;https://www.decathlon.fr/p/casquette-running-homme-femme-kiprun-ultralegere-noir/_/R-p-352658?mc=8871360&c=noir;12.99;1;Livraison en 24h ou 48h
222;quechua;chaussette hike 100 high - lime & flore - lyocell & lin - lot de 2 paires;https://www.decathlon.fr/p/chaussette-hike-100-high-beige-bordeaux-lyocell-et-lin-lot-de-2-paires/_/R-p-349004?mc=8949202;9.99;70;Livraison en 48h
223;skechers;basket skechers uno noir homme;https://www.decathlon.fr/p/basket-skechers-uno-noir-homme/_/R-p-365219?mc=8907972;89.99;4;Livraison en 24h ou 48h
224;adidas;t-shirt de fitness en coton pour homme, gris;https://www.decathlon.fr/p/t-shirt-de-fitness-en-coton-pour-homme-vert/_/R-p-366101?mc=8944812;24.99;0;Livraison en 24h ou 48h
225;adidas;t-shirt de fitness homme aeroready, rouge;https://www.decathlon.fr/p/t-shirt-de-fitness-homme-aeroready-rouge/_/R-p-366072?mc=8944830;19.99;0;Livraison en 24h ou 48h
226;forclaz;chemise de trekking manches courtes homme, nh 500 stretch grise;https://www.decathlon.fr/p/chemise-de-trekking-manches-courtes-homme-nh-500-stretch-marron/_/R-p-336837?mc=8790103&c=gris;34.99;235;Livraison en 24h ou 48h
227;kipsta;maillot de football adulte manches courtes viralto check vert et marine;https://www.decathlon.fr/p/maillot-de-football-adulte-manches-courtes-viralto-topo-noir-et-rose-fluo/_/R-p-357655?mc=8911373&c=bleu_vert;11.99;3;Livraison en 48h
228;decathlon;short mixte, elementals, noir;https://www.decathlon.fr/p/short-mixte-elementals-noir/_/R-p-360475?mc=8925915&c=noir;24.99;0;Expédition entre 3 et 7 jours
229;footjoy;chaussures de golf homme, footjoy originals blanches;https://www.decathlon.fr/p/chaussures-de-golf-homme-footjoy-originals-blanches/_/R-p-366374?mc=8946215;129.99;0;Livraison en 48h
230;babolat;chaussures de tennis homme multicourt - babolat jet tere noir blanc;https://www.decathlon.fr/p/chaussures-de-tennis-homme-multicourt-babolat-jet-tere-noir-blanc/_/R-p-364764?mc=8939802;94.99;0;Livraison en 24h ou 48h
231;under armour;legging heatgear® pour homme, noir;https://www.decathlon.fr/p/legging-heatgear-pour-homme-noir/_/R-p-X8947137?mc=8947137;39.99;0;Livraison en 24h ou 48h
232;new balance;chaussure de running homme new balance fuelcell rebel v4;https://www.decathlon.fr/p/chaussure-de-running-homme-new-balance-fuelcell-rebel-v4/_/R-p-365149?mc=8940958&c=blanc;159.99;0;Livraison en 24h ou 48h
233;olaian;tongs homme - 550 simi marron;https://www.decathlon.fr/p/tongs-homme-550-simi-marron/_/R-p-339955?mc=8919285&c=marron_beige;17.99;892;Livraison en 24h ou 48h
234;decathlon;sweat à capuche mixte, elementals, bleu;https://www.decathlon.fr/p/sweat-a-capuche-mixte-elementals-bleu/_/R-p-360411?mc=8926834&c=bleu;39.99;0;Livraison en 24h ou 48h
235;kiprun;tour de cou running / bandeau multifonctions homme femme -kiprun violet borealis;https://www.decathlon.fr/p/tour-de-cou-running-bandeau-multifonctions-homme-femme-kiprun-noir-camo-gris/_/R-p-2523?mc=8913264&c=violet;4.99;4328;Expédition entre 3 et 7 jours
236;rockrider;sous-short vélo confort 500 homme, noir;https://www.decathlon.fr/p/sous-short-velo-confort-500-homme-noir/_/R-p-357191?mc=8915980&c=noir_vert;24.99;0;Livraison en 24h ou 48h
237;skechers;baskets de marche homme, skechers slip ins go walk blanc;https://www.decathlon.fr/p/baskets-de-marche-homme-skechers-slip-ins-go-walk-blanc/_/R-p-X8950619?mc=8950619;74.99;0;Livraison en 48h
238;skechers;basket homme, go walk flex vespid noir;https://www.decathlon.fr/p/basket-homme-go-walk-flex-vespid-noir/_/R-p-364792?mc=8939974;74.99;0;Livraison en 48h
239;kuikma;t-shirt de padel manches courtes technique homme - kuikma 900 bleu clair;https://www.decathlon.fr/p/t-shirt-de-padel-manches-courtes-technique-homme-kuikma-900-violet/_/R-p-312326?mc=8883393&c=bleu;21.99;137;Livraison en 48h
240;tarmak;t-shirt / maillot basketball - ts500 fast black;https://www.decathlon.fr/p/t-shirt-maillot-basketball-ts500-fast-vert/_/R-p-5604?mc=8916943&c=noir_multicolore;11.99;2093;Livraison en 24h ou 48h
241;decathlon;sweat col rond mixte, elementals, rose;https://www.decathlon.fr/p/sweat-col-rond-mixte-elementals-bleu/_/R-p-360460?mc=8928143&c=rose;34.99;0;Livraison en 24h ou 48h
242;solognac;t-shirt en coton 100 yukon;https://www.decathlon.fr/p/t-shirt-en-coton-100-yukon/_/R-p-364928?mc=8940353&c=beige_gris;14.99;0;Livraison en 24h ou 48h
243;kalenji;short de running respirant homme - kiprun run 500 dry gris;https://www.decathlon.fr/p/short-de-running-respirant-homme-kiprun-run-500-dry-gris/_/R-p-341248?mc=8903159&c=gris;19.99;864;Livraison en 48h
244;perfly;chaussures de badminton pour homme bs perform 590 - blanc;https://www.decathlon.fr/p/chaussures-de-badminton-pour-homme-bs-perform-590-blanc/_/R-p-338791?mc=8736634&c=blanc_orange;59.99;63;Livraison en 24h ou 48h
245;speedo;maillot de bain boxer homme - speedo logo noir blanc;https://www.decathlon.fr/p/maillot-de-bain-boxer-homme-speedo-logo-noir-blanc/_/R-p-367103?mc=8948332&c=noir_blanc;24.99;0;Livraison en 24h ou 48h
246;quechua;short de randonnée - nh500 regular - homme;https://www.decathlon.fr/p/short-de-randonnee-nh500-regular-homme/_/R-p-332726?mc=8644371&c=bleu;19.99;5682;Livraison en 24h ou 48h
247;decathlon;sweat à capuche homme, elementals, noir;https://www.decathlon.fr/p/sweat-a-capuche-homme-elementals-vert/_/R-p-360631?mc=8925966&c=noir;44.99;1;Livraison en 24h ou 48h
248;inesis;polo golf respirant manches courtes homme, ww900 bleu abysse;https://www.decathlon.fr/p/polo-golf-respirant-manches-courtes-homme-ww900-vert-cedre/_/R-p-353152?mc=8927324&c=bleu;29.99;2;Livraison en 24h ou 48h
249;quechua;pantalon de randonnée homme, mh500 vert;https://www.decathlon.fr/p/pantalon-de-randonnee-homme-mh500-vert/_/R-p-325496?mc=8926336&c=vert;34.99;4116;Expédition entre 3 et 7 jours
250;domyos;legging de mma homme, noir et jaune;https://www.decathlon.fr/p/legging-de-mma-homme-noir-et-jaune/_/R-p-367827?mc=8950687&c=noir_jaune;24.99;0;Expédition entre 3 et 7 jours
251;quiksilver;tongs surf homme quiksilver - molokai layback noir connect;https://www.decathlon.fr/p/tongs-surf-homme-quiksilver-molokai-layback-noir-connect/_/R-p-370375?mc=8956507&c=noir;24.99;0;Livraison en 24h ou 48h
252;merrell;chaussures imperméables de randonnée montagne homme, merrell capra 2 gtx;https://www.decathlon.fr/p/chaussures-impermeables-de-randonnee-montagne-homme-merrell-capra-2-gtx/_/R-p-366165?mc=8945093;139.99;0;Livraison en 48h
253;tribord;short bateau, bermuda homme - sailing 100 beige cendré;https://www.decathlon.fr/p/short-bermuda-de-voile-sailing-100-homme/_/R-p-303159?mc=8912565&c=beige;19.99;1844;Livraison en 24h ou 48h
254;tribord;bob bateau sailing 100 adulte voile coton bleu marine;https://www.decathlon.fr/p/bob-de-voile-enfant-sailing-500-bleu/_/R-p-333887?mc=8752012&c=bleu;9.99;1137;Livraison en 24h ou 48h
255;decathlon;"chaussures basses ""cupsoles"" de skateboard adulte crush500 noir et blanc";https://www.decathlon.fr/p/chaussures-basses-cupsoles-de-skateboard-adulte-crush-500-vert-blanc/_/R-p-335046?mc=8927897&c=noir_blanc;39.99;9;Livraison en 48h
256;decathlon;sweat col rond homme, elementals, beige;https://www.decathlon.fr/p/sweat-col-rond-homme-elementals-bleu/_/R-p-360559?mc=8925971&c=beige;39.99;0;Livraison en 48h
257;nabaiji;short de bain court natation homme - 100 orga vert;https://www.decathlon.fr/p/short-de-bain-court-natation-homme-100-orga-vert/_/R-p-306803?mc=8919741&c=noir_vert;17.99;563;Livraison en 24h ou 48h
258;fouganza;chaussettes equitation adultes extra fines bourgogne / bleu lot de 2;https://www.decathlon.fr/p/chaussettes-equitation-adultes-extra-fines-bourgogne-bleu-lot-de-2/_/R-p-341617?mc=8758223&c=bleu_violet;11.99;137;Expédition entre 3 et 7 jours
259;decathlon;chaussettes mi-mollet, rouge et blanc, lot de 2;https://www.decathlon.fr/p/chaussettes-mi-mollet-vert-et-blanc-lot-de-2/_/R-p-362419?mc=8933955&c=blanc_rouge;9.99;1;Livraison en 24h ou 48h
260;adidas;sandale claquette natation adidas adilette shower bleu;https://www.decathlon.fr/p/sandale-claquette-natation-adidas-adilette-shower-bleu/_/R-p-372563?mc=8953938;27.99;0;Livraison en 24h ou 48h
261;van rysel;lunettes de vélo roadr 900 perf light pack verres zeiss grises;https://www.decathlon.fr/p/lunettes-de-velo-roadr-900-perf-light-pack-verres-zeiss-grises/_/R-p-356263?mc=8939098;149.99;2;Livraison en 48h
262;shimano;chaussures vélo route shimano rc102 noir;https://www.decathlon.fr/p/chaussures-velo-route-shimano-rc102-noir/_/R-p-367565?mc=8949554;84.99;0;Livraison en 24h ou 48h
263;quechua;veste imperméable de randonnée - nh500 imper - homme;https://www.decathlon.fr/p/veste-impermeable-de-randonnee-nh500-imper-homme/_/R-p-334354?mc=8928200&c=marron_gris;34.99;2394;Livraison en 24h ou 48h
264;rockrider;short vélo unisexe réspirant, noir;https://www.decathlon.fr/p/short-velo-unisexe-respirant-noir/_/R-p-352962?mc=8872172&c=noir;29.99;0;Livraison en 24h ou 48h
265;adidas;chaussure de futsal super sala adulte jaune;https://www.decathlon.fr/p/chaussure-de-futsal-super-sala-adulte-blanche-rouge/_/R-p-362708?mc=8936706;54.99;1;Livraison en 48h
266;asics;chaussures de padel homme - asics gel resolution x;https://www.decathlon.fr/p/chaussures-de-padel-homme-asics-gel-resolution-x/_/R-p-366955?mc=8947878;159.99;0;Livraison en 48h
267;decathlon;chaussettes mi-mollet, noir et marron, lot de 2;https://www.decathlon.fr/p/chaussettes-mi-mollet-vert-et-blanc-lot-de-2/_/R-p-362419?mc=8933963&c=noir_marron;9.99;1;Livraison en 48h
268;inesis;polo golf respirant manches courtes homme, ww900 blanc;https://www.decathlon.fr/p/polo-golf-respirant-manches-courtes-homme-ww900-vert-cedre/_/R-p-353152?mc=8927229&c=blanc;29.99;2;Livraison en 24h ou 48h
270;quechua;lunettes de soleil sport catégorie 3 mh 530;https://www.decathlon.fr/p/lunettes-de-soleil-randonnee-mh530-adulte-categorie-3/_/R-p-324410?mc=8937374&c=vert;19.99;1113;Livraison en 24h ou 48h
271;nabaiji;slip de bain natation homme - 100 plus navy;https://www.decathlon.fr/p/slip-de-bain-natation-homme-100-plus-quad-vert/_/R-p-356749?mc=8927704&c=bleu;7.99;0;Livraison en 48h
272;fouganza;chaussettes équitation adulte 100 lila;https://www.decathlon.fr/p/chaussettes-equitation-adulte-100-noires-rayures-roses-paillettes/_/R-p-2707?mc=8861395&c=bleu_violet;3.99;790;Livraison en 24h ou 48h
273;puma;t-shirt en coton à manches courtes homme, bleu;https://www.decathlon.fr/p/t-shirt-en-coton-a-manches-courtes-homme-bleu/_/R-p-366034?mc=8944773;14.99;4;Livraison en 24h ou 48h
275;caperlan;tee-shirt de pêche anti-uv 500 capuche upf 50+ vert;https://www.decathlon.fr/p/tee-shirt-de-peche-anti-uv-500-capuche-upf-50-gris/_/R-p-329166?mc=8872844&c=vert;19.99;295;Livraison en 24h ou 48h
276;nabaiji;short de natation homme 100 court camo bleu;https://www.decathlon.fr/p/short-de-bain-court-natation-homme-100-orga-vert/_/R-p-306803?mc=8851825&c=bleu_vert;17.99;563;Livraison en 24h ou 48h
277;olaian;claquettes homme - 550 bleu marine;https://www.decathlon.fr/p/claquettes-homme-550-lines/_/R-p-302905?mc=8920103&c=bleu;19.99;876;Livraison en 24h ou 48h
278;adidas;casquette de fitness unisexe, blanc;https://www.decathlon.fr/p/casquette-de-fitness-unisexe-kaki/_/R-p-365974?mc=8944498;17.99;2;Livraison en 48h
279;kipsta;chaussettes de football sans-pied vert;https://www.decathlon.fr/p/chaussettes-de-football-sans-pied-blanc/_/R-p-356482?mc=8901581&c=incolore;4.99;13;Expédition entre 3 et 7 jours
280;asics;chaussures de tennis homme terre battue - asics gel resolution x violet orange;https://www.decathlon.fr/p/chaussures-de-tennis-homme-terre-battue-asics-gel-resolution-x-violet-orange/_/R-p-364744?mc=8941714;134.99;0;Livraison en 24h ou 48h
281;reebok;lots de 3 paires de chaussettes de fitness mi-mollet, blanches;https://www.decathlon.fr/p/lots-de-3-paires-de-chaussettes-de-fitness-mi-mollet-blanches/_/R-p-366445?mc=8946205;11.99;1;Livraison en 24h ou 48h
282;tribord;veste de voile imperméable homme - sailing 500 blanc;https://www.decathlon.fr/p/veste-de-voile-impermeable-homme-sailing-500-bleu-marine/_/R-p-346652?mc=8912561&c=blanc_bleu;49.99;206;Livraison en 24h ou 48h
283;forclaz;chemise de trekking manches courtes homme, nh 500 stretch marron;https://www.decathlon.fr/p/chemise-de-trekking-manches-courtes-homme-nh-500-stretch-marron/_/R-p-336837?mc=8928196&c=marron_bleu;34.99;235;Livraison en 48h
284;olaian;chapeau de surf adulte - 500 newblack noir;https://www.decathlon.fr/p/chapeau-de-surf-adulte-500-newblack-noir/_/R-p-325590?mc=8927008&c=noir;11.99;302;Livraison en 24h ou 48h
285;van rysel;casquette vélo route - decathlon ag2r la mondiale team;https://www.decathlon.fr/p/casquette-velo-route-decathlon-ag2r-la-mondiale-team/_/R-p-356044?mc=8931614&c=noir_blanc;9.99;196;Livraison en 24h ou 48h
286;artengo;t-shirt de tennis homme - tts soft violet;https://www.decathlon.fr/p/t-shirt-de-tennis-homme-tts-soft-blanc-casse/_/R-p-324603?mc=8903356&c=vert_violet;14.99;953;Livraison en 24h ou 48h
287;adidas;adidas casquette noire 56-58 cm;https://www.decathlon.fr/p/adidas-casquette-blanche-56-58-cm/_/R-p-359499?mc=8941844;17.99;0;Livraison en 24h ou 48h
288;adidas;casquette de fitness en coton, gris;https://www.decathlon.fr/p/casquette-de-fitness-en-coton-jaune/_/R-p-366569?mc=8946844&c=gris;12.99;0;Livraison en 24h ou 48h
289;quechua;t-shirt de randonnée manches courtes homme, mh500 kaki;https://www.decathlon.fr/p/t-shirt-de-randonnee-manches-courtes-mh500-homme/_/R-p-341235?mc=8758004&c=incolore_vert;14.99;725;Livraison en 24h ou 48h
290;kiprun;tour de cou running / bandeau multifonctions homme femme -kiprun gris vert;https://www.decathlon.fr/p/tour-de-cou-running-bandeau-multifonctions-homme-femme-kiprun-noir-camo-gris/_/R-p-2523?mc=8913263&c=gris;4.99;4328;Expédition entre 3 et 7 jours
291;quechua;chandale de randonnée homme, nh900 fresh kaki;https://www.decathlon.fr/p/chandale-de-randonnee-nh900-fresh-homme/_/R-p-324757?mc=8917724&c=vert;49.99;873;Expédition entre 3 et 7 jours
292;asics;chaussures de padel homme - asics gel game 9 gris bleu rose;https://www.decathlon.fr/p/chaussures-de-padel-homme-asics-gel-game-9-gris-bleu-rose/_/R-p-367927?mc=8949962;89.99;0;Livraison en 24h ou 48h
293;speedo;maillot de bain boxer homme - speedo logo true marine;https://www.decathlon.fr/p/maillot-de-bain-boxer-homme-speedo-logo-true-marine/_/R-p-367122?mc=8948336&c=bleu;29.99;0;Livraison en 48h
294;adidas;chaussures golf homme, adidas s2g bleues;https://www.decathlon.fr/p/chaussures-golf-homme-adidas-s2g-bleues/_/R-p-366563?mc=8946454;99.99;0;Livraison en 48h
295;adidas;chaussures golf homme, adidas tech response blanches;https://www.decathlon.fr/p/chaussures-golf-homme-adidas-tech-response-blanches/_/R-p-366575?mc=8946452;88.99;0;Livraison en 24h ou 48h
296;quechua;short de randonnée homme, mh500 vert;https://www.decathlon.fr/p/short-de-randonnee-homme-mh500-vert/_/R-p-325530?mc=8926328&c=vert;19.99;752;Livraison en 24h ou 48h
297;olaian;tongs homme - 550 blue jean;https://www.decathlon.fr/p/tongs-homme-550-simi-marron/_/R-p-339955?mc=8919283&c=beige_blanc_bleu;17.99;892;Livraison en 24h ou 48h
298;kimjaly;t-shirt de yoga manches courtes doux homme, beige lin;https://www.decathlon.fr/p/t-shirt-de-yoga-manches-courtes-doux-homme-beige-lin/_/R-p-326999?mc=8912642&c=beige;11.99;114;Livraison en 24h ou 48h
299;puma;short en coton homme, noir;https://www.decathlon.fr/p/short-en-coton-homme-gris/_/R-p-365604?mc=8943159;22.99;2;Livraison en 24h ou 48h
300;fouganza;chaussettes équitation adulte 100 bleu comète;https://www.decathlon.fr/p/chaussettes-equitation-adulte-100-noires-rayures-roses-paillettes/_/R-p-2707?mc=8861396&c=bleu_violet;3.99;790;Livraison en 24h ou 48h
301;allsix;chaussures de volley stability 500 - blanc;https://www.decathlon.fr/p/chaussures-de-volley-stability-500-blanc/_/R-p-351279?mc=8853251&c=blanc;54.99;0;Livraison en 48h
302;tarmak;t-shirt / maillot basketball - ts500 fast vert;https://www.decathlon.fr/p/t-shirt-maillot-basketball-ts500-fast-vert/_/R-p-5604?mc=8914077&c=blanc_vert;11.99;2093;Livraison en 24h ou 48h
303;caperlan;t-shirt pêche manches courtes coton truite;https://www.decathlon.fr/p/t-shirt-peche-manches-courtes-coton-truite/_/R-p-361491?mc=8930617&c=gris;14.99;0;Livraison en 24h ou 48h
304;rockrider;short vélo unisexe réspirant, ochre;https://www.decathlon.fr/p/short-velo-unisexe-respirant-noir/_/R-p-352962?mc=8903431&c=noir_jaune;29.99;0;Livraison en 48h
305;rockrider;maillot vélo manche courte homme cargo, gris / noir;https://www.decathlon.fr/p/maillot-velo-manche-courte-homme-cargo-gris-noir/_/R-p-356996?mc=8902113&c=noir_gris;29.99;0;Livraison en 24h ou 48h
306;kuikma;t-shirt de padel manches courtes homme - kuikma pts pro maxi sanchez rouge;https://www.decathlon.fr/p/t-shirt-de-padel-manches-courtes-technique-homme-kuikma-pts-pro-maxi-sanchez/_/R-p-345400?mc=8882107&c=noir_orange;29.99;18;Livraison en 48h
307;domyos;men quick-dry training shorts 120-violet lavande;https://www.decathlon.fr/p/short-de-fitness-avec-poches-zippees-bleu-marine/_/R-p-305836?mc=8926701&c=violet;11.99;20017;Expédition entre 3 et 7 jours
308;nabaiji;slip de bain bandeau natation homme - 900 blast noir rouge;https://www.decathlon.fr/p/maillot-de-bain-natation-homme-bandeau-large-900-noir-blast-rouge/_/R-p-306836?mc=8941870&c=noir_orange;19.99;168;Livraison en 48h
309;tribord;bob de voile enfant - sailing 500 orange;https://www.decathlon.fr/p/bob-de-voile-enfant-sailing-500-bleu/_/R-p-333887?mc=8929996&c=orange;9.99;1137;Expédition entre 3 et 7 jours
310;kipsta;chaussures de football viralto i turf tf - orange;https://www.decathlon.fr/p/chaussures-de-football-viralto-i-turf-tf-orange/_/R-p-358472?mc=8917448&c=orange;29.99;2;Livraison en 24h ou 48h
311;decathlon;sweat à capuche mixte, elementals, noir;https://www.decathlon.fr/p/sweat-a-capuche-mixte-elementals-bleu/_/R-p-360411?mc=8928142&c=noir;39.99;0;Livraison en 48h
312;decathlon;sweat à capuche homme, elementals, moutarde;https://www.decathlon.fr/p/sweat-a-capuche-homme-elementals-vert/_/R-p-360631?mc=8941066&c=beige;44.99;1;Expédition entre 3 et 7 jours
313;kipsta;short de football adulte viralto ii snake noir, gris et rose;https://www.decathlon.fr/p/short-de-football-adulte-viralto-ii-wavy-noir-gris-et-jaune/_/R-p-357775?mc=8911623;14.99;0;Livraison en 48h
314;adidas;t-shirt de handball entrainement equipe de france homme 2025;https://www.decathlon.fr/p/t-shirt-de-handball-entrainement-equipe-de-france-homme-2025/_/R-p-366558?mc=8946615;49.99;0;Livraison en 24h ou 48h
315;adidas;sweatshirt a capuche adidas homme rouge;https://www.decathlon.fr/p/sweatshirt-a-capuche-adidas-homme-rouge/_/R-p-365789?mc=8944134;59.99;0;Livraison en 48h
316;tarmak;short de basketball nba homme/femme - sh 900 ad violet;https://www.decathlon.fr/p/short-de-basketball-nba-homme-femme-sh-900-ad-violet/_/R-p-349045?mc=8914118&c=violet;29.99;304;Livraison en 48h
318;domyos;veste de fitness standard respirant homme - vert;https://www.decathlon.fr/p/veste-de-fitness-standard-respirant-homme-vert/_/R-p-333428?mc=8646716&c=vert;19.99;2155;Livraison en 24h ou 48h
319;puma;t-shirt active à manches courtes homme, noir;https://www.decathlon.fr/p/t-shirt-active-a-manches-courtes-homme-noir/_/R-p-365912?mc=8944535;19.99;0;Livraison en 24h ou 48h
320;olaian;chapeau de surf adulte - 500 florentic kaki;https://www.decathlon.fr/p/chapeau-de-surf-adulte-500-newblack-noir/_/R-p-325590?mc=8920409&c=vert;11.99;302;Livraison en 48h
321;quechua;short de randonnée - nh100 - homme;https://www.decathlon.fr/p/short-de-randonnee-nh100-homme/_/R-p-347182?mc=8803959&c=gris;9.99;0;Livraison en 24h ou 48h
322;domyos;short de mma résistant homme, noir et jaune;https://www.decathlon.fr/p/short-de-mma-resistant-homme-noir-et-jaune/_/R-p-359594?mc=8920250&c=noir_jaune;24.99;0;Livraison en 48h
323;decathlon;baskets wlkr 76 - noir;https://www.decathlon.fr/p/baskets-wlkr-76-blanche/_/R-p-343150?mc=8789486&c=noir_beige_gris;74.99;134;Livraison en 48h
324;watko;slip de bain water polo homme - 500 camo bleu;https://www.decathlon.fr/p/maillot-de-bain-slip-water-polo-homme-shark-vert/_/R-p-333731?mc=8941853&c=bleu;14.99;149;Expédition entre 3 et 7 jours
325;domyos;short de fitness respirant poches zippés homme, violet;https://www.decathlon.fr/p/short-de-fitness-avec-poches-zippees-bleu-marine/_/R-p-305836?mc=8938568&c=violet;11.99;20017;Expédition entre 3 et 7 jours
326;babolat;chaussures de padel homme - babolat jet viva blanc;https://www.decathlon.fr/p/chaussures-de-padel-homme-babolat-jet-viva-blanc/_/R-p-365394?mc=8941944;109.99;0;Livraison en 24h ou 48h
327;adidas;t-shirt de fitness homme, gris;https://www.decathlon.fr/p/t-shirt-de-fitness-homme-blanc/_/R-p-365713?mc=8945921;29.99;1;Livraison en 24h ou 48h
328;quechua;short long de randonnée homme, mh500 noir;https://www.decathlon.fr/p/short-long-de-randonnee-homme-mh500-marron/_/R-p-307871?mc=8927483&c=noir;24.99;1689;Livraison en 24h ou 48h
329;adidas;lot de 2 boxers homme, noir et blanc;https://www.decathlon.fr/p/lot-de-2-boxers-homme-noir-et-blanc/_/R-p-361204?mc=8947312;19.99;0;Livraison en 24h ou 48h
330;babolat;t-shirt padel manches courtes homme - babolat juan lebron;https://www.decathlon.fr/p/t-shirt-padel-manches-courtes-homme-babolat-juan-lebron/_/R-p-365395?mc=8941945;39.99;0;Livraison en 48h
331;kiprun;casquette running homme femme - kiprun ultralégère violet;https://www.decathlon.fr/p/casquette-running-homme-femme-kiprun-ultralegere-noir/_/R-p-352658?mc=8912559&c=violet;12.99;1;Livraison en 48h
332;quechua;lunettes de soleil rectangulaires catégorie 3 mh 140;https://www.decathlon.fr/p/lunettes-de-soleil-rectangulaires-categorie-3-mh-140/_/R-p-301163?mc=8936608&c=beige;15.99;3865;Livraison en 48h
333;rockrider;veste hiver vtt manches longues fitté homme bleu nuit;https://www.decathlon.fr/p/veste-hiver-vtt-manches-longues-fitte-homme-bleu-nuit/_/R-p-337996?mc=8734630&c=bleu;59.99;173;Livraison en 48h
334;puma;t-shirt active à manches courtes homme, bleu;https://www.decathlon.fr/p/t-shirt-active-a-manches-courtes-homme-noir/_/R-p-365912?mc=8944655;19.99;0;Livraison en 24h ou 48h
335;decathlon;casquette skateboard en velours cotele cap900 make life skate life noire;https://www.decathlon.fr/p/casquette-skateboard-en-velours-cotele-cap900-make-life-skate-life-noire/_/R-p-351872?mc=8927386;14.99;5;Livraison en 24h ou 48h
336;adidas;adidas casquette beige 56-58 cm;https://www.decathlon.fr/p/adidas-casquette-blanche-56-58-cm/_/R-p-359499?mc=8941867;17.99;0;Livraison en 48h
337;van rysel;veste vélo route manches longues coupe pluie homme - edr bleu;https://www.decathlon.fr/p/veste-velo-route-manches-longues-coupe-pluie-homme-rc500-marine/_/R-p-301771?mc=8911229&c=bleu_orange;54.99;296;Livraison en 24h ou 48h
338;decathlon;baskets wlkr 76 - blanche;https://www.decathlon.fr/p/baskets-wlkr-76-blanche/_/R-p-343150?mc=8785911&c=blanc;74.99;134;Livraison en 48h
339;new balance;chaussure de running homme new balance fresh foam x more v5 blanc;https://www.decathlon.fr/p/chaussure-de-running-homme-new-balance-fresh-foam-x-more-v5-blanc/_/R-p-357879?mc=8940959&c=blanc_vert;159.99;7;Livraison en 48h
340;decathlon;t-shirt graphique mixte, elementals, rose;https://www.decathlon.fr/p/t-shirt-graphique-mixte-elementals-gris/_/R-p-360579?mc=8926244&c=rose;19.99;0;Expédition entre 3 et 7 jours
341;domyos;t-shirt de fitness manches courtes respirant col rond homme, rouge passion;https://www.decathlon.fr/p/t-shirt-de-fitness-manches-courtes-respirant-col-rond-homme-blanc-ultra/_/R-p-349000?mc=8938607&c=rouge;11.99;1924;Livraison en 48h
342;decathlon;bob rond, bleu;https://www.decathlon.fr/p/bob-rond-noir/_/R-p-361821?mc=8931149&c=bleu;17.99;1;Livraison en 48h
343;puma;chaussures de running homme puma magnify nitro 2 blanc;https://www.decathlon.fr/p/chaussures-de-running-homme-puma-magnify-nitro-2-jaune-orange/_/R-p-366848?mc=8950547&c=rose_blanc_jaune;149.99;1;Livraison en 24h ou 48h
344;domyos;short de fitness avec poches zippées, vert fluo;https://www.decathlon.fr/p/short-de-fitness-avec-poches-zippees-bleu-marine/_/R-p-305836?mc=8912890&c=vert;11.99;20017;Expédition entre 3 et 7 jours
345;adidas;t-shirt adidas homme blanc;https://www.decathlon.fr/p/t-shirt-adidas-homme-noir/_/R-p-365825?mc=8944140;29.99;0;Livraison en 24h ou 48h
346;domyos;short de fitness avec poches zippées, jaune pastel;https://www.decathlon.fr/p/short-de-fitness-avec-poches-zippees-bleu-marine/_/R-p-305836?mc=8912886&c=jaune;11.99;20017;Expédition entre 3 et 7 jours
347;kipsta;chaussettes de football adhérentes vrialto ii mid roses;https://www.decathlon.fr/p/chaussettes-de-football-adherentes-vrialto-ii-mid-roses/_/R-p-359813?mc=8927612;8.99;0;Livraison en 48h
348;adidas;short de fitness pour homme, noir;https://www.decathlon.fr/p/short-de-fitness-pour-homme-noir/_/R-p-366501?mc=8682617;29.99;0;Livraison en 24h ou 48h
349;domyos;short de fitness avec poches zippées, orange;https://www.decathlon.fr/p/short-de-fitness-avec-poches-zippees-bleu-marine/_/R-p-305836?mc=8912885&c=orange;11.99;20017;Expédition entre 3 et 7 jours
350;new balance;chaussure de running homme new balance fresh foam 520 v9 blanc;https://www.decathlon.fr/p/chaussure-de-running-homme-new-balance-fresh-foam-520-v9-blanc/_/R-p-364997?mc=8940692&c=beige_blanc;69.99;0;Expédition entre 3 et 7 jours
351;domyos;men cross training t-shirt 900 celliant-noir fumé;https://www.decathlon.fr/p/t-shirt-cross-training-performance-manches-courtes-homme-celliant-gris/_/R-p-341624?mc=8938279&c=noir_violet;24.99;65;non spécifié
352;merrell;chaussures de trail running merrell agility remix homme;https://www.decathlon.fr/p/chaussures-de-trail-running-merrell-agility-remix-homme/_/R-p-356155?mc=8892161&c=noir_rouge;160.0;5;Livraison en 24h ou 48h
353;decathlon;baskets cj80 homme, blanc et bordeaux;https://www.decathlon.fr/p/baskets-cj80-homme-blanc-et-bleu-marine/_/R-p-346048?mc=8914244&c=blanc_rouge;49.99;299;Expédition entre 3 et 7 jours
354;fouganza;veste équitation longue imperméable - marine;https://www.decathlon.fr/p/veste-equitation-longue-impermeable-marine/_/R-p-357867?mc=8911996&c=bleu;79.99;1;Livraison en 48h
355;decathlon;chaussettes invisibles, rose et beige, lot de 3;https://www.decathlon.fr/p/chaussettes-invisibles-noir-lot-de-3/_/R-p-362403?mc=8933891&c=rose_beige;9.99;0;Livraison en 24h ou 48h
356;kiprun;bandeau running v2 homme femme - kiprun gris vert graph;https://www.decathlon.fr/p/bandeau-running-v2-homme-femme-kiprun-violet/_/R-p-352680?mc=8920682;5.99;10;Expédition entre 3 et 7 jours
357;inesis;short chino coton golf homme - mw500;https://www.decathlon.fr/p/short-chino-coton-golf-homme-mw500-bleu/_/R-p-305517?mc=8854050&c=violet;19.99;5095;Expédition entre 3 et 7 jours
358;bullpadel;chaussures de padel homme - bullpadel bogun 25 noir jaune;https://www.decathlon.fr/p/chaussures-de-padel-homme-bullpadel-bogun-25-noir-jaune/_/R-p-365313?mc=8941938;49.99;0;Livraison en 24h ou 48h
359;korok;short de hockey sur gazon homme fh500 blanc;https://www.decathlon.fr/p/short-de-hockey-sur-gazon-homme-fh500-navy/_/R-p-180259?mc=8530313&c=blanc;14.99;8;Livraison en 24h ou 48h
360;kipsta;maillot de basketball sans manche réversible adulte - tkr-500 noir blanc;https://www.decathlon.fr/p/maillot-de-basketball-sans-manche-reversible-adulte-tkr-500-noir-blanc/_/R-p-354103?mc=8928384&c=noir_blanc;19.99;0;Livraison en 24h ou 48h
361;tribord;casquette de voile - sailing 500 brique;https://www.decathlon.fr/p/casquette-bateau-sailing-500-adulte-voile-black-ao-reflex/_/R-p-333992?mc=8912742&c=rouge_orange;9.99;480;Livraison en 48h
362;quechua;pantalon modulable de randonnée homme, mh500 marron;https://www.decathlon.fr/p/pantalon-modulable-de-randonnee-homme-mh500-noir/_/R-p-325457?mc=8916764&c=marron;44.99;1734;Livraison en 24h ou 48h
363;quechua;bermuda de randonnée - nh500 - homme;https://www.decathlon.fr/p/bermuda-de-randonnee-nh500-homme/_/R-p-332747?mc=8928191&c=vert;24.99;2676;Livraison en 24h ou 48h
364;under armour;short de compression heatgear® pour homme, noir;https://www.decathlon.fr/p/short-de-compression-heatgear-pour-homme-noir/_/R-p-X8631938?mc=8631938;34.99;0;Livraison en 24h ou 48h
365;forclaz;doudoune de randonnée -10°c homme, mt500 marron;https://www.decathlon.fr/p/doudoune-de-randonnee-10degc-homme-mt500-noir/_/R-p-12077?mc=8611349&c=noir_marron;84.99;1592;Livraison en 48h
366;adidas;t-shirt de fitness homme, rouge;https://www.decathlon.fr/p/t-shirt-de-fitness-homme-blanc/_/R-p-365713?mc=8944450;29.99;1;Livraison en 24h ou 48h
367;solognac;t-shirt en coton 100 wildlife;https://www.decathlon.fr/p/t-shirt-en-coton-100-yukon/_/R-p-364928?mc=8940360&c=noir_marron;14.99;0;Livraison en 48h
368;kipsta;chaussures de football viralto iii 3d air mesh turf tf - rouge;https://www.decathlon.fr/p/chaussures-de-football-viralto-iii-3d-air-mesh-turf-tf-rouge/_/R-p-358426?mc=8917467&c=rouge;49.99;0;Livraison en 24h ou 48h
369;van rysel;casquette vélo ltd;https://www.decathlon.fr/p/casquette-velo-ltd/_/R-p-345155?mc=8906744&c=blanc_vert;9.99;146;Livraison en 24h ou 48h
370;nabaiji;slip de bain natation homme - 100 plus rouge;https://www.decathlon.fr/p/slip-de-bain-natation-homme-100-plus-quad-vert/_/R-p-356749?mc=8927707&c=rouge;7.99;0;Livraison en 48h
371;babolat;chaussures de padel homme - babolat movea 2 blanches;https://www.decathlon.fr/p/chaussures-de-padel-homme-babolat-movea-2-blanches/_/R-p-365368?mc=8942113;129.99;1;Livraison en 48h
372;asics;chaussures de padel homme - asics gel dedicate 8 noire;https://www.decathlon.fr/p/chaussures-de-padel-homme-asics-gel-dedicate-8-noire/_/R-p-374814?mc=8969136;74.99;0;Livraison en 48h
373;nabaiji;chaussures aquatiques aquabike-aquagym fitshoe kaki;https://www.decathlon.fr/p/chaussures-aquatiques-aquabike-aquagym-fitshoe-vert-kaki/_/R-p-303969?mc=8677203&c=vert;14.99;939;Livraison en 48h
375;watko;slip de bain water polo homme - 500 all vai turquoise;https://www.decathlon.fr/p/maillot-de-bain-slip-water-polo-homme-shark-vert/_/R-p-333731?mc=8928954&c=bleu;14.99;149;Expédition entre 3 et 7 jours
376;adidas;casquette de fitness unisexe, beige;https://www.decathlon.fr/p/casquette-de-fitness-unisexe-kaki/_/R-p-365974?mc=8944518;17.99;2;Livraison en 24h ou 48h
377;decathlon;bob rond, marron;https://www.decathlon.fr/p/bob-rond-noir/_/R-p-361821?mc=8931147&c=marron;17.99;1;Livraison en 48h
378;bullpadel;chaussures de padel homme - bullpadel icon 25v noir;https://www.decathlon.fr/p/chaussures-de-padel-homme-bullpadel-icon-25v-noir/_/R-p-366969?mc=8948113;92.99;0;Livraison en 48h
379;decathlon;t-shirt graphique mixte, elementals, marron;https://www.decathlon.fr/p/t-shirt-graphique-mixte-elementals-gris/_/R-p-360579?mc=8926243&c=marron;19.99;0;Expédition entre 3 et 7 jours
380;decathlon;sweat à capuche homme, elementals, bleu;https://www.decathlon.fr/p/sweat-a-capuche-homme-elementals-vert/_/R-p-360631?mc=8925965&c=bleu;44.99;1;Expédition entre 3 et 7 jours
381;domyos;t-shirt de fitness regular en coton homme, bleu noir;https://www.decathlon.fr/p/t-shirt-de-fitness-regular-en-coton-homme-blanc-ultra/_/R-p-332613?mc=8946738&c=bleu;11.99;3527;Livraison en 24h ou 48h
382;adidas;pantalon adidas homme noir;https://www.decathlon.fr/p/pantalon-adidas-homme-noir/_/R-p-365845?mc=8944281;64.99;0;Livraison en 48h
383;adidas;short en coton homme, gris;https://www.decathlon.fr/p/short-en-coton-homme-gris/_/R-p-365509?mc=8943107&c=gris;35.99;0;Livraison en 24h ou 48h
384;adidas;adidas casquette blanche 56-58 cm;https://www.decathlon.fr/p/adidas-casquette-blanche-56-58-cm/_/R-p-359499?mc=8941859;17.99;0;Livraison en 24h ou 48h
385;bullpadel;t-shirt padel manches courtes - bullpadel brego bleu;https://www.decathlon.fr/p/t-shirt-padel-manches-courtes-bullpadel-brego-bleu/_/R-p-365346?mc=8941941;31.99;0;Livraison en 48h
386;domyos;t-shirt de fitness regular en coton homme, blanc ultra;https://www.decathlon.fr/p/t-shirt-de-fitness-regular-en-coton-homme-blanc-ultra/_/R-p-332613?mc=8946739&c=blanc;11.99;3527;Livraison en 24h ou 48h
387;under armour;t-shrit tech™ 2.0 pour homme, gris;https://www.decathlon.fr/p/t-shrit-tech-2-0-pour-homme-gris/_/R-p-366625?mc=8947081;29.99;0;Livraison en 48h
388;quechua;short long de randonnée homme, mh500 khaki;https://www.decathlon.fr/p/short-long-de-randonnee-homme-mh500-marron/_/R-p-307871?mc=8785234&c=vert;24.99;1689;Livraison en 24h ou 48h
389;korok;short de hockey sur gazon homme fh500 noir;https://www.decathlon.fr/p/short-de-hockey-sur-gazon-homme-fh500-navy/_/R-p-180259?mc=8530312&c=noir;15.0;8;Livraison en 24h ou 48h
390;saucony;chaussures de running route homme saucony guide 18 bleu;https://www.decathlon.fr/p/chaussures-de-running-route-homme-saucony-guide-18-bleu/_/R-p-365866?mc=8944237;149.99;0;Livraison en 48h
391;van rysel;lunettes de vélo roadr 900 perf pack verres zeiss grises translucide;https://www.decathlon.fr/p/lunettes-de-velo-roadr-900-perf-pack-verres-zeiss-grises-translucide/_/R-p-350750?mc=8939084&c=gris;149.99;12;Livraison en 48h
392;umbro;basket umbro serkan marine homme;https://www.decathlon.fr/p/basket-umbro-serkan-marine-homme/_/R-p-X8950607?mc=8950607;59.99;0;Livraison en 24h ou 48h
393;adidas;sweat homme, vert;https://www.decathlon.fr/p/sweat-de-fitness-homme-bordeaux/_/R-p-365344?mc=8942523;39.99;0;Livraison en 24h ou 48h
394;fila;basket rega fila homme blanc noir;https://www.decathlon.fr/p/basket-rega-fila-homme-blanc-noir/_/R-p-X8951554?mc=8951554;59.99;0;Livraison en 48h
395;asics;chaussures de tennis homme multicourt - asics gel game ff bleu blanc jaune;https://www.decathlon.fr/p/chaussures-de-tennis-homme-multicourt-asics-gel-game-ff-bleu-blanc-jaune/_/R-p-363436?mc=8938843;89.99;0;Livraison en 24h ou 48h
396;kipsta;chaussures de football viralto i turf tf - violet/bleu;https://www.decathlon.fr/p/chaussures-de-football-viralto-i-turf-tf-orange/_/R-p-358472?mc=8917447&c=bleu;29.99;2;Livraison en 24h ou 48h
397;tactic;cuissard vélo homme tactic stabilité, noir;https://www.decathlon.fr/p/cuissard-velo-homme-tactic-stabilite-noir/_/R-p-366846?mc=8947699;54.99;0;Livraison en 48h
398;tarmak;t-shirt de basketball nba celtics homme/femme - ts 900 ad green;https://www.decathlon.fr/p/t-shirt-de-basketball-nba-knicks-homme-femme-ts-900-ad-orange/_/R-p-349044?mc=8914110&c=vert;19.99;517;Expédition entre 3 et 7 jours
399;under armour;short tech™ vent pour homme, noir;https://www.decathlon.fr/p/short-tech-vent-pour-homme-noir/_/R-p-X8947096?mc=8947096;34.99;0;Livraison en 24h ou 48h
400;head;chaussures de tennis homme multicourt - head sprint pro 4.0 jaune noir bleu;https://www.decathlon.fr/p/chaussures-de-tennis-homme-multicourt-head-sprint-pro-4-0-jaune-noir-bleu/_/R-p-360551?mc=8944232;159.99;0;Livraison en 48h
401;puma;t-shirt en coton à manches courtes homme, vert;https://www.decathlon.fr/p/t-shirt-en-coton-a-manches-courtes-homme-vert/_/R-p-366047?mc=8944780;19.99;0;Livraison en 24h ou 48h
402;dunlop;chaussures de tennis homme terre battue - k-swiss court express 2 blanc bleu;https://www.decathlon.fr/p/chaussures-de-tennis-homme-terre-battue-k-swiss-court-express-2-blanc-bleu/_/R-p-360508?mc=8939795;59.99;0;Livraison en 48h
404;puma;t-shirt en coton à manches courtes homme, beige;https://www.decathlon.fr/p/t-shirt-en-coton-a-manches-courtes-homme-bleu/_/R-p-366034?mc=8944774;14.99;4;Livraison en 24h ou 48h
405;kappa;baskets kappa tango homme marron;https://www.decathlon.fr/p/baskets-kappa-tango-homme-marron/_/R-p-X8950623?mc=8950623;59.99;0;Livraison en 48h
406;dunlop;chaussures de tennis homme terre battue - k-swiss express light 3 blanc bleu;https://www.decathlon.fr/p/chaussures-de-tennis-homme-terre-battue-k-swiss-express-light-3-blanc-bleu/_/R-p-365910?mc=8944184;89.99;0;Livraison en 48h
407;forclaz;doudoune à capuche de randonnée -5°c homme, mt100 marron;https://www.decathlon.fr/p/doudoune-a-capuche-de-randonnee-5degc-homme-mt100-bleu/_/R-p-167571?mc=8559957&c=marron;69.99;2443;non spécifié
408;tribord;bob de voile enfant - sailing 500 bleu;https://www.decathlon.fr/p/bob-de-voile-enfant-sailing-500-bleu/_/R-p-333887?mc=8929994&c=bleu;9.99;1137;Livraison en 24h ou 48h
409;under armour;short tech™ vent pour homme, gris;https://www.decathlon.fr/p/short-tech-vent-pour-homme-gris/_/R-p-366636?mc=8947099;34.99;0;Livraison en 48h
410;nabaiji;slip de bain natation homme - 100 plus quad vert;https://www.decathlon.fr/p/slip-de-bain-natation-homme-100-plus-quad-vert/_/R-p-356749?mc=8927706&c=bleu;7.99;0;Livraison en 48h
411;adidas;short de football squadra 25 adulte noir;https://www.decathlon.fr/p/short-de-football-squadra-25-adulte-bleu-royal/_/R-p-362857?mc=8935851;22.99;0;Livraison en 48h
412;bullpadel;chaussures de padel homme - bullpadel ionic 25v blanches;https://www.decathlon.fr/p/chaussures-de-padel-homme-bullpadel-ionic-25v-blanches/_/R-p-365314?mc=8946698;119.99;0;Livraison en 48h
413;domyos;short de fitness avec poches zippées, rose;https://www.decathlon.fr/p/short-de-fitness-avec-poches-zippees-bleu-marine/_/R-p-305836?mc=8927172&c=rose;11.99;20017;Expédition entre 3 et 7 jours
414;adidas;maillot d'entraînement adulte rouge;https://www.decathlon.fr/p/maillot-d-entrainement-adulte-gris/_/R-p-366979?mc=8948229;49.99;0;Livraison en 48h
415;asics;chaussures de tennis homme terre battue - asics gel game ff noir vert;https://www.decathlon.fr/p/chaussures-de-tennis-homme-terre-battue-asics-gel-game-ff-noir-vert/_/R-p-363383?mc=8939792;89.99;0;Livraison en 24h ou 48h
416;footjoy;chaussures de golf homme, footjoy prolite grises;https://www.decathlon.fr/p/chaussures-de-golf-homme-footjoy-prolite-grises/_/R-p-366468?mc=8946242;109.99;0;Livraison en 48h
417;reebok;t-shirt homme en coton avec logo, gris;https://www.decathlon.fr/p/t-shirt-homme-en-coton-avec-logo-jaune/_/R-p-366438?mc=8946160;24.99;0;Livraison en 24h ou 48h
418;adidas;short de football squadra 25 adulte blanc;https://www.decathlon.fr/p/short-de-football-squadra-25-adulte-bleu-royal/_/R-p-362857?mc=8935850;22.99;0;Livraison en 48h
419;adidas;polo golf homme, adidas rayures bleu et blanc;https://www.decathlon.fr/p/polo-golf-homme-adidas-rayures-bleu-et-blanc/_/R-p-367462?mc=8949075;54.99;0;Livraison en 48h
420;adidas;maillot d'entraînement squadra 25 adulte blanc;https://www.decathlon.fr/p/maillot-d-entrainement-squadra-25-adulte-blanc/_/R-p-362769?mc=8935845;22.99;0;Livraison en 48h
421;watko;slip de bain water polo homme - 500 street bleu;https://www.decathlon.fr/p/maillot-de-bain-slip-water-polo-homme-shark-vert/_/R-p-333731?mc=8941852&c=bleu;14.99;149;Livraison en 24h ou 48h
423;everlast;short de boxe everlast- gris 25;https://www.decathlon.fr/p/short-de-boxe-everlast-gris-25/_/R-p-365442?mc=8942079;24.99;0;Livraison en 24h ou 48h
424;adidas;short de football squadra 25 adulte vert;https://www.decathlon.fr/p/short-de-football-squadra-25-adulte-bleu-royal/_/R-p-362857?mc=8935855;22.99;0;Livraison en 48h
425;adidas;short de football squadra 25 adulte rouge;https://www.decathlon.fr/p/short-de-football-squadra-25-adulte-bleu-royal/_/R-p-362857?mc=8935854;22.99;0;Livraison en 48h
426;wilson;chaussures de padel homme - wilson bela tour blanc rouge;https://www.decathlon.fr/p/chaussures-de-padel-homme-wilson-bela-tour-blanc-rouge/_/R-p-365525?mc=8942655;159.99;0;Livraison en 48h
427;quechua;short long de randonnée homme, mh500 marron;https://www.decathlon.fr/p/short-long-de-randonnee-homme-mh500-marron/_/R-p-307871?mc=8916750&c=marron;24.99;1689;Livraison en 24h ou 48h
428;fanatics;t-shirt de rugby adulte - fanatics supporter vi nations noir;https://www.decathlon.fr/p/t-shirt-de-rugby-adulte-fanatics-supporter-vi-nations-noir/_/R-p-375932?mc=8975441;21.99;0;Livraison en 24h ou 48h
429;adidas;chaussettes de fitness unisexe, blanche;https://www.decathlon.fr/p/chaussettes-de-fitness-unisexe-noire/_/R-p-365581?mc=8942740;9.99;1;Livraison en 24h ou 48h
430;olaian;sous-short jammer 900 seamless;https://www.decathlon.fr/p/sous-short-jammer-900-seamless/_/R-p-347019?mc=8826409&c=noir;19.99;0;Expédition entre 3 et 7 jours
431;new era;casquette baseball adulte - new era ny yankees blanc;https://www.decathlon.fr/p/casquette-baseball-adulte-new-era-ny-yankees-blanc/_/R-p-363385?mc=8938661;25.99;0;Livraison en 24h ou 48h
432;adidas;maillot d'entraînement adulte bleu rose;https://www.decathlon.fr/p/maillot-d-entrainement-adulte-gris/_/R-p-366979?mc=8948222;49.99;0;Livraison en 48h
433;footjoy;chaussures de golf homme, footjoy flex blanches/marine;https://www.decathlon.fr/p/chaussures-de-golf-homme-footjoy-flex-blanches-marine/_/R-p-368128?mc=8950841;94.99;0;Livraison en 48h
434;adidas;polo golf homme, adidas rayé blanc et bordeaux;https://www.decathlon.fr/p/polo-golf-homme-adidas-raye-blanc-et-bordeaux/_/R-p-367460?mc=8949068;54.99;0;Livraison en 48h
435;head;chaussures de padel homme - head sprint pro 4.0 bleu vert;https://www.decathlon.fr/p/chaussures-de-padel-homme-head-sprint-pro-4-0-bleu-vert/_/R-p-365315?mc=8942682;159.99;0;Livraison en 48h
436;adidas;short de football squadra 25 adulte bleu navy;https://www.decathlon.fr/p/short-de-football-squadra-25-adulte-bleu-royal/_/R-p-362857?mc=8935852;22.99;0;Livraison en 48h
437;havaianas;tongs homme havaianas - logo filet vert;https://www.decathlon.fr/p/tongs-homme-havaianas-logo-pop-up-noir-gris/_/R-p-359731?mc=8956601&c=vert;23.99;0;Livraison en 48h
438;adidas;short de football squadra 25 adulte bleu royal;https://www.decathlon.fr/p/short-de-football-squadra-25-adulte-bleu-royal/_/R-p-362857?mc=8935853;22.99;0;Livraison en 48h
439;bullpadel;t-shirt padel manches courtes - bullpadel bilao blanc;https://www.decathlon.fr/p/t-shirt-padel-manches-courtes-bullpadel-bilao-blanc/_/R-p-365347?mc=8946413;31.99;0;Livraison en 48h
440;adidas;chaussures golf homme, adidas traxion response sl noir;https://www.decathlon.fr/p/chaussures-golf-homme-adidas-traxion-response-sl-noir/_/R-p-366375?mc=8946222;89.99;0;Livraison en 48h
441;watko;slip de bain water polo homme - 500 tiki gris;https://www.decathlon.fr/p/maillot-de-bain-slip-water-polo-homme-shark-vert/_/R-p-333731?mc=8928953&c=gris;14.99;149;Livraison en 24h ou 48h
442;adidas;maillot d'entraînement adulte gris;https://www.decathlon.fr/p/maillot-d-entrainement-adulte-gris/_/R-p-366979?mc=8948231;49.99;0;Livraison en 48h
443;adidas;pantalon adidas homme blanc;https://www.decathlon.fr/p/pantalon-adidas-homme-noir/_/R-p-365845?mc=8944282;64.99;0;Livraison en 48h
444;adidas;t-shirt adidas homme rouge;https://www.decathlon.fr/p/t-shirt-adidas-homme-blanc/_/R-p-365931?mc=8944285;34.99;0;Livraison en 48h
446;new era;casquette football américain nfl homme / femme - new york jets vert;https://www.decathlon.fr/p/casquette-football-americain-nfl-homme-femme-miami-dolphins-bleu/_/R-p-366049?mc=8946373;25.99;0;Livraison en 48h
447;new era;casquette football américain nfl homme / femme - philadelphia eagles vert;https://www.decathlon.fr/p/casquette-football-americain-nfl-homme-femme-miami-dolphins-bleu/_/R-p-366049?mc=8946374;25.99;0;Livraison en 48h
448;new era;casquette football américain nfl homme / femme - kansas city chiefs rouge;https://www.decathlon.fr/p/casquette-football-americain-nfl-homme-femme-miami-dolphins-bleu/_/R-p-366049?mc=8946356;25.99;0;Livraison en 48h
449;new era;casquette football américain nfl homme / femme - san francisco 49ers;https://www.decathlon.fr/p/casquette-football-americain-nfl-homme-femme-miami-dolphins-bleu/_/R-p-366049?mc=8946376;25.99;0;Livraison en 48h
450;new era;casquette football américain nfl homme / femme - jacksonville jaguars noir;https://www.decathlon.fr/p/casquette-football-americain-nfl-homme-femme-miami-dolphins-bleu/_/R-p-366049?mc=8944946;25.99;0;Livraison en 48h
451;new era;casquette football américain nfl homme / femme - miami dolphins bleu;https://www.decathlon.fr/p/casquette-football-americain-nfl-homme-femme-miami-dolphins-bleu/_/R-p-366049?mc=8946370;25.99;0;Livraison en 48h
453;fouganza;polo équitation homme blanc;https://www.decathlon.fr/p/polo-equitation-homme-blue/_/R-p-323846?mc=8664091&c=blanc;14.99;228;Livraison en 48h
454;wedze;doudoune de ski très chaude et ventilée homme, warm 900 gris et noir;https://www.decathlon.fr/p/doudoune-de-ski-tres-chaude-et-ventilee-homme-warm-900-bleu-petrol/_/R-p-339367?mc=8802784&c=noir_gris;120.0;211;non spécifié
455;domyos;débardeur de training col rond homme, blanc;https://www.decathlon.fr/p/debardeur-de-training-col-rond-homme-blanc/_/R-p-364704?mc=8939668&c=blanc;8.99;0;Livraison en 48h
456;reebok;t-shirt homme en coton avec logo, rouge;https://www.decathlon.fr/p/t-shirt-homme-en-coton-avec-logo-jaune/_/R-p-366438?mc=8946232;24.99;0;Livraison en 48h
457;simond;pantalon de trek résistant homme, mt500 marron;https://www.decathlon.fr/p/pantalon-de-trek-montagne-resistant-homme-mt500/_/R-p-351265?mc=8916623&c=noir_marron;34.99;1338;non spécifié
458;new era;casquette baseball adulte - new era ny yankees lilas;https://www.decathlon.fr/p/casquette-baseball-adulte-new-era-ny-yankees-blanc/_/R-p-363385?mc=8938660;25.99;0;non spécifié
459;tarmak;sac à dos basketball 25l - nba miami heat;https://www.decathlon.fr/p/sac-a-dos-basketball-25l-nba-los-angeles-lakers/_/R-p-337088?mc=8800353&c=bleu;38.99;1139;non spécifié
460;caperlan;t-shirt pêche manches courtes coton black bass;https://www.decathlon.fr/p/t-shirt-peche-manches-courtes-coton-truite/_/R-p-361491?mc=8930618&c=gris;14.99;0;non spécifié
461;caperlan;t-shirt pêche manches courtes coton crank;https://www.decathlon.fr/p/t-shirt-peche-manches-courtes-coton-truite/_/R-p-361491?mc=8934873&c=noir;14.99;0;non spécifié
462;caperlan;t-shirt pêche manches courtes coton thon;https://www.decathlon.fr/p/t-shirt-peche-manches-courtes-coton-truite/_/R-p-361491?mc=8930619&c=blanc;14.99;0;non spécifié
463;caperlan;t-shirt pêche manches courtes coton bar;https://www.decathlon.fr/p/t-shirt-peche-manches-courtes-coton-truite/_/R-p-361491?mc=8930621&c=bleu;14.99;0;non spécifié
464;saucony;chaussures de running homme saucony ride 17 shadow/pepper;https://www.decathlon.fr/p/chaussures-de-running-homme-saucony-ride-17-jaune/_/R-p-353946?mc=8874246&c=gris_orange;90.0;14;non spécifié
465;quechua;bottes de neige chaudes imperméables de randonnée - sh100 scratch - homme;https://www.decathlon.fr/p/bottes-de-neige-chaudes-impermeables-de-randonnee-sh100-scratch-homme/_/R-p-301402?mc=8501300&c=noir;35.0;433;non spécifié
466;adidas;chaussure de football adidas mundial team tf adulte noire;https://www.decathlon.fr/p/chaussure-de-football-adidas-mundial-team-tf-adulte-noire/_/R-p-X8282682?mc=8282682&c=noir;149.99;177;non spécifié
467;forclaz;doudoune à capuche en duvet de trek montagne - mt500 -10 °c - homme;https://www.decathlon.fr/p/doudoune-a-capuche-en-duvet-de-trek-montagne-mt500-10-degc-homme/_/R-p-331150?mc=8803360&c=vert;99.99;1272;non spécifié
468;tribord;pull marin homme bleu rayé beige;https://www.decathlon.fr/p/pull-marin-tricote-homme-100-beige-raye-bleu-navy/_/R-p-333847?mc=8647644&c=beige_bleu;35.0;697;non spécifié
469;kipsta;pantalon d'entrainement de football adulte viralto topo noir, gris, rose fluo;https://www.decathlon.fr/p/pantalon-d-entrainement-de-football-adulte-viralto-wave-noir-et-jaune-fluo/_/R-p-357886?mc=8914047&c=noir_bleu;21.99;0;non spécifié
470;reebok;t-shirt homme en coton avec logo, bleu marine;https://www.decathlon.fr/p/t-shirt-homme-en-coton-avec-logo-jaune/_/R-p-366438?mc=8946231;24.99;0;non spécifié
471;fouganza;pantalon equitation homme 100 marron;https://www.decathlon.fr/p/pantalon-equitation-homme-100-bleu/_/R-p-353907?mc=8911128&c=marron;24.99;0;non spécifié
472;asics;chaussures de tennis homme terre battue - asics gel resolution x vert or;https://www.decathlon.fr/p/chaussures-de-tennis-homme-terre-battue-asics-gel-resolution-x-violet-orange/_/R-p-364744?mc=8945631;159.99;0;non spécifié
473;decathlon;t-shirt de skateboard manches courtes ts500 trafic noir;https://www.decathlon.fr/p/t-shirt-de-skateboard-manches-courtes-ts500-trafic-blanc/_/R-p-335113?mc=8654699&c=noir;14.99;19;non spécifié
474;quechua;veste longue de randonnée homme, nh500 vert;https://www.decathlon.fr/p/veste-longue-de-randonnee-homme-nh500-vert/_/R-p-355450?mc=8883857&c=vert;49.99;0;non spécifié
475;havaianas;tongs homme havaianas - logo filet bleu marine;https://www.decathlon.fr/p/tongs-homme-havaianas-logo-pop-up-noir-gris/_/R-p-359731?mc=8956599&c=bleu;24.99;0;non spécifié
476;adidas;sweatshirt adidas homme blanc;https://www.decathlon.fr/p/sweatshirt-adidas-homme-noir/_/R-p-365817?mc=8944156;59.99;0;non spécifié
477;reebok;t-shirt homme en coton avec logo, blanc;https://www.decathlon.fr/p/t-shirt-homme-en-coton-avec-logo-jaune/_/R-p-366438?mc=8946223;24.99;0;non spécifié
478;reebok;t-shirt homme en coton avec logo, noir;https://www.decathlon.fr/p/t-shirt-homme-en-coton-avec-logo-jaune/_/R-p-366438?mc=8946224;24.99;0;non spécifié
479;adidas;pantalon adidas homme rouge;https://www.decathlon.fr/p/pantalon-adidas-homme-noir/_/R-p-365901?mc=8944168;59.99;0;non spécifié
480;kipsta;sweat de football adulte 1/2 zip viralto wave noir, jaune fluo;https://www.decathlon.fr/p/sweat-de-football-adulte-1-2-zip-viralto-wave-noir-rose-fluo-gris/_/R-p-357872?mc=8911627&c=noir;21.99;0;non spécifié
481;head;chaussures de padel homme - head motion team bleu;https://www.decathlon.fr/p/chaussures-de-padel-homme-head-motion-team-bleu/_/R-p-365400?mc=8941947;109.99;0;non spécifié
482;regatta;short ruwan beige homme;https://www.decathlon.fr/p/short-ruwan-beige-homme/_/R-p-X8950193?mc=8950193;26.99;0;non spécifié
483;regatta;short ruwan glacier homme;https://www.decathlon.fr/p/short-ruwan-glacier-homme/_/R-p-X8950194?mc=8950194;26.99;0;non spécifié
484;regatta;short ruwan kaki homme;https://www.decathlon.fr/p/short-ruwan-kaki-homme/_/R-p-X8950188?mc=8950188;26.99;0;non spécifié
